timestamp,meter_reading
2016-01-01 0:00,28.1
2016-01-01 1:00,26.57
2016-01-01 2:00,25.73
2016-01-01 3:00,25.96
2016-01-01 4:00,25.59
2016-01-01 5:00,26.31
2016-01-01 6:00,29.92
2016-01-01 7:00,29.62
2016-01-01 8:00,24.2
2016-01-01 9:00,23.6
2016-01-01 10:00,23.14
2016-01-01 11:00,23.66
2016-01-01 12:00,23.82
2016-01-01 13:00,23.59
2016-01-01 14:00,23.44
2016-01-01 15:00,23.21
2016-01-01 16:00,23.78
2016-01-01 17:00,24.96
2016-01-01 18:00,28.98
2016-01-01 19:00,29.13
2016-01-01 20:00,29.07
2016-01-01 21:00,29.04
2016-01-01 22:00,29.04
2016-01-01 23:00,28.99
2016-01-02 0:00,27.65
2016-01-02 1:00,26.4
2016-01-02 2:00,25.84
2016-01-02 3:00,25.85
2016-01-02 4:00,25.86
2016-01-02 5:00,34.02
2016-01-02 6:00,39.16
2016-01-02 7:00,39.08
2016-01-02 8:00,33.77
2016-01-02 9:00,33.23
2016-01-02 10:00,35.03
2016-01-02 11:00,34.92
2016-01-02 12:00,34.9
2016-01-02 13:00,42.71
2016-01-02 14:00,48.4
2016-01-02 15:00,44.49
2016-01-02 16:00,48.93
2016-01-02 17:00,42.61
2016-01-02 18:00,39.17
2016-01-02 19:00,39.21
2016-01-02 20:00,39.14
2016-01-02 21:00,39.18
2016-01-02 22:00,39.21
2016-01-02 23:00,36.8
2016-01-03 0:00,27.79
2016-01-03 1:00,26.81
2016-01-03 2:00,26.33
2016-01-03 3:00,26.19
2016-01-03 4:00,26.14
2016-01-03 5:00,34.2
2016-01-03 6:00,39.22
2016-01-03 7:00,38.98
2016-01-03 8:00,33.7
2016-01-03 9:00,32.98
2016-01-03 10:00,34.58
2016-01-03 11:00,39.86
2016-01-03 12:00,45.31
2016-01-03 13:00,47.98
2016-01-03 14:00,50.4
2016-01-03 15:00,54.31
2016-01-03 16:00,58.6
2016-01-03 17:00,52.73
2016-01-03 18:00,53.79
2016-01-03 19:00,51.66
2016-01-03 20:00,49.98
2016-01-03 21:00,58
2016-01-03 22:00,63.77
2016-01-03 23:00,56.27
2016-01-04 0:00,36.77
2016-01-04 1:00,36.38
2016-01-04 2:00,35.37
2016-01-04 3:00,26.65
2016-01-04 4:00,25.32
2016-01-04 5:00,35.51
2016-01-04 6:00,43.46
2016-01-04 7:00,46.19
2016-01-04 8:00,55.01
2016-01-04 9:00,71.57
2016-01-04 10:00,72.66
2016-01-04 11:00,74.84
2016-01-04 12:00,76.34
2016-01-04 13:00,77.81
2016-01-04 14:00,79.13
2016-01-04 15:00,78.36
2016-01-04 16:00,78.13
2016-01-04 17:00,68.37
2016-01-04 18:00,62.62
2016-01-04 19:00,62.02
2016-01-04 20:00,61.02
2016-01-04 21:00,61.17
2016-01-04 22:00,60.85
2016-01-04 23:00,55.19
2016-01-05 0:00,33.87
2016-01-05 1:00,35.25
2016-01-05 2:00,30.49
2016-01-05 3:00,29.2
2016-01-05 4:00,29.12
2016-01-05 5:00,40.39
2016-01-05 6:00,51.11
2016-01-05 7:00,58.42
2016-01-05 8:00,62.98
2016-01-05 9:00,73.82
2016-01-05 10:00,79.13
2016-01-05 11:00,80.49
2016-01-05 12:00,79.94
2016-01-05 13:00,77.98
2016-01-05 14:00,81.14
2016-01-05 15:00,81.84
2016-01-05 16:00,81.2
2016-01-05 17:00,69.36
2016-01-05 18:00,64.83
2016-01-05 19:00,63.02
2016-01-05 20:00,60.01
2016-01-05 21:00,59.72
2016-01-05 22:00,59.89
2016-01-05 23:00,52.89
2016-01-06 0:00,27.29
2016-01-06 1:00,28.68
2016-01-06 2:00,29
2016-01-06 3:00,26.56
2016-01-06 4:00,24.31
2016-01-06 5:00,37.9
2016-01-06 6:00,53.47
2016-01-06 7:00,57.42
2016-01-06 8:00,59.44
2016-01-06 9:00,73.61
2016-01-06 10:00,75.23
2016-01-06 11:00,77.79
2016-01-06 12:00,80.68
2016-01-06 13:00,80.86
2016-01-06 14:00,81.08
2016-01-06 15:00,79.64
2016-01-06 16:00,80.45
2016-01-06 17:00,68.54
2016-01-06 18:00,68.81
2016-01-06 19:00,63.76
2016-01-06 20:00,63.25
2016-01-06 21:00,62.55
2016-01-06 22:00,63.21
2016-01-06 23:00,56.4
2016-01-07 0:00,34.55
2016-01-07 1:00,34.53
2016-01-07 2:00,31.99
2016-01-07 3:00,30.97
2016-01-07 4:00,30.73
2016-01-07 5:00,41.88
2016-01-07 6:00,49.97
2016-01-07 7:00,59.5
2016-01-07 8:00,64.65
2016-01-07 9:00,75.76
2016-01-07 10:00,79.37
2016-01-07 11:00,80.52
2016-01-07 12:00,85.15
2016-01-07 13:00,83.16
2016-01-07 14:00,84.5
2016-01-07 15:00,83.01
2016-01-07 16:00,81.16
2016-01-07 17:00,69.14
2016-01-07 18:00,63.28
2016-01-07 19:00,60.96
2016-01-07 20:00,58.94
2016-01-07 21:00,58.03
2016-01-07 22:00,56.52
2016-01-07 23:00,49.11
2016-01-08 0:00,26.63
2016-01-08 1:00,25.41
2016-01-08 2:00,28.98
2016-01-08 3:00,30.57
2016-01-08 4:00,29.9
2016-01-08 5:00,34.3
2016-01-08 6:00,42.09
2016-01-08 7:00,44.31
2016-01-08 8:00,50.64
2016-01-08 9:00,62.31
2016-01-08 10:00,70.51
2016-01-08 11:00,78.93
2016-01-08 12:00,78.9
2016-01-08 13:00,80.7
2016-01-08 14:00,80.15
2016-01-08 15:00,80.71
2016-01-08 16:00,79.43
2016-01-08 17:00,67.37
2016-01-08 18:00,60.98
2016-01-08 19:00,59.04
2016-01-08 20:00,57.99
2016-01-08 21:00,56.61
2016-01-08 22:00,55.73
2016-01-08 23:00,49.42
2016-01-09 0:00,27.3
2016-01-09 1:00,25.82
2016-01-09 2:00,24.85
2016-01-09 3:00,24.73
2016-01-09 4:00,24.2
2016-01-09 5:00,33.31
2016-01-09 6:00,39.19
2016-01-09 7:00,38.62
2016-01-09 8:00,33.37
2016-01-09 9:00,32.76
2016-01-09 10:00,34.33
2016-01-09 11:00,36.93
2016-01-09 12:00,43.95
2016-01-09 13:00,46.96
2016-01-09 14:00,47.81
2016-01-09 15:00,48.47
2016-01-09 16:00,47.9
2016-01-09 17:00,47.62
2016-01-09 18:00,51.68
2016-01-09 19:00,51.64
2016-01-09 20:00,51.11
2016-01-09 21:00,50.49
2016-01-09 22:00,50.5
2016-01-09 23:00,44.62
2016-01-10 0:00,25.82
2016-01-10 1:00,24.9
2016-01-10 2:00,24.32
2016-01-10 3:00,24.19
2016-01-10 4:00,23.97
2016-01-10 5:00,32.74
2016-01-10 6:00,37.88
2016-01-10 7:00,37.73
2016-01-10 8:00,33.11
2016-01-10 9:00,32.54
2016-01-10 10:00,35.73
2016-01-10 11:00,36.07
2016-01-10 12:00,37.61
2016-01-10 13:00,45.26
2016-01-10 14:00,48.7
2016-01-10 15:00,48.72
2016-01-10 16:00,48.88
2016-01-10 17:00,49.42
2016-01-10 18:00,53.47
2016-01-10 19:00,56.97
2016-01-10 20:00,57.1
2016-01-10 21:00,51.29
2016-01-10 22:00,51.16
2016-01-10 23:00,45.55
2016-01-11 0:00,26.78
2016-01-11 1:00,25.48
2016-01-11 2:00,24.71
2016-01-11 3:00,24.54
2016-01-11 4:00,24.7
2016-01-11 5:00,33.74
2016-01-11 6:00,42.36
2016-01-11 7:00,46.43
2016-01-11 8:00,55.91
2016-01-11 9:00,63.52
2016-01-11 10:00,64.96
2016-01-11 11:00,66.31
2016-01-11 12:00,68.74
2016-01-11 13:00,69.67
2016-01-11 14:00,68.83
2016-01-11 15:00,69.83
2016-01-11 16:00,75.08
2016-01-11 17:00,81.11
2016-01-11 18:00,82.35
2016-01-11 19:00,77.11
2016-01-11 20:00,74.83
2016-01-11 21:00,74.83
2016-01-11 22:00,72.41
2016-01-11 23:00,58.18
2016-01-12 0:00,36.86
2016-01-12 1:00,35.28
2016-01-12 2:00,34.2
2016-01-12 3:00,34.54
2016-01-12 4:00,34.17
2016-01-12 5:00,38.57
2016-01-12 6:00,44.89
2016-01-12 7:00,47.96
2016-01-12 8:00,61.1
2016-01-12 9:00,67.87
2016-01-12 10:00,68.05
2016-01-12 11:00,72.91
2016-01-12 12:00,72.92
2016-01-12 13:00,73.85
2016-01-12 14:00,73.48
2016-01-12 15:00,73.29
2016-01-12 16:00,73.39
2016-01-12 17:00,73.37
2016-01-12 18:00,77.67
2016-01-12 19:00,82.58
2016-01-12 20:00,81.81
2016-01-12 21:00,77.78
2016-01-12 22:00,77.1
2016-01-12 23:00,61.45
2016-01-13 0:00,31.79
2016-01-13 1:00,28.13
2016-01-13 2:00,29.65
2016-01-13 3:00,30.87
2016-01-13 4:00,30.15
2016-01-13 5:00,35.09
2016-01-13 6:00,42.35
2016-01-13 7:00,46.89
2016-01-13 8:00,57.72
2016-01-13 9:00,61.73
2016-01-13 10:00,66.36
2016-01-13 11:00,69.11
2016-01-13 12:00,70.16
2016-01-13 13:00,70.12
2016-01-13 14:00,70.24
2016-01-13 15:00,78.27
2016-01-13 16:00,82.11
2016-01-13 17:00,82.77
2016-01-13 18:00,86.16
2016-01-13 19:00,80.7
2016-01-13 20:00,76.78
2016-01-13 21:00,76.58
2016-01-13 22:00,75.98
2016-01-13 23:00,58.85
2016-01-14 0:00,36.07
2016-01-14 1:00,35.92
2016-01-14 2:00,37.05
2016-01-14 3:00,33.66
2016-01-14 4:00,30.05
2016-01-14 5:00,38.65
2016-01-14 6:00,45.02
2016-01-14 7:00,46.87
2016-01-14 8:00,59.56
2016-01-14 9:00,66.98
2016-01-14 10:00,67.95
2016-01-14 11:00,71.04
2016-01-14 12:00,73.79
2016-01-14 13:00,88.29
2016-01-14 14:00,87.98
2016-01-14 15:00,85.91
2016-01-14 16:00,83.79
2016-01-14 17:00,80.98
2016-01-14 18:00,82.76
2016-01-14 19:00,80.26
2016-01-14 20:00,79.44
2016-01-14 21:00,76.16
2016-01-14 22:00,75.09
2016-01-14 23:00,59.35
2016-01-15 0:00,30.1
2016-01-15 1:00,25.68
2016-01-15 2:00,25.07
2016-01-15 3:00,26.71
2016-01-15 4:00,26.63
2016-01-15 5:00,35.83
2016-01-15 6:00,41.96
2016-01-15 7:00,44.71
2016-01-15 8:00,57.35
2016-01-15 9:00,63.91
2016-01-15 10:00,67.49
2016-01-15 11:00,77.24
2016-01-15 12:00,84.73
2016-01-15 13:00,83.36
2016-01-15 14:00,81.87
2016-01-15 15:00,80.55
2016-01-15 16:00,79.23
2016-01-15 17:00,76.12
2016-01-15 18:00,74.22
2016-01-15 19:00,64.37
2016-01-15 20:00,58.39
2016-01-15 21:00,57.43
2016-01-15 22:00,55.74
2016-01-15 23:00,49.95
2016-01-16 0:00,26.52
2016-01-16 1:00,25.02
2016-01-16 2:00,24.4
2016-01-16 3:00,27.15
2016-01-16 4:00,25.71
2016-01-16 5:00,34.49
2016-01-16 6:00,40.75
2016-01-16 7:00,39.88
2016-01-16 8:00,34.79
2016-01-16 9:00,33.82
2016-01-16 10:00,34.23
2016-01-16 11:00,44.54
2016-01-16 12:00,51.89
2016-01-16 13:00,60.94
2016-01-16 14:00,63.28
2016-01-16 15:00,64.39
2016-01-16 16:00,63.38
2016-01-16 17:00,65.86
2016-01-16 18:00,70.22
2016-01-16 19:00,61.4
2016-01-16 20:00,56.87
2016-01-16 21:00,55.6
2016-01-16 22:00,55.48
2016-01-16 23:00,49.03
2016-01-17 0:00,25.67
2016-01-17 1:00,24.72
2016-01-17 2:00,23.97
2016-01-17 3:00,23.64
2016-01-17 4:00,23.74
2016-01-17 5:00,32.81
2016-01-17 6:00,38.3
2016-01-17 7:00,38.18
2016-01-17 8:00,33.38
2016-01-17 9:00,32.36
2016-01-17 10:00,34.61
2016-01-17 11:00,37.52
2016-01-17 12:00,51.32
2016-01-17 13:00,62.15
2016-01-17 14:00,77.08
2016-01-17 15:00,74.52
2016-01-17 16:00,62.89
2016-01-17 17:00,64.53
2016-01-17 18:00,71.18
2016-01-17 19:00,70.19
2016-01-17 20:00,71.13
2016-01-17 21:00,63.53
2016-01-17 22:00,59.54
2016-01-17 23:00,51.81
2016-01-18 0:00,27.59
2016-01-18 1:00,26.59
2016-01-18 2:00,25.81
2016-01-18 3:00,25.61
2016-01-18 4:00,25.56
2016-01-18 5:00,34.97
2016-01-18 6:00,41.95
2016-01-18 7:00,40.51
2016-01-18 8:00,34.83
2016-01-18 9:00,42.85
2016-01-18 10:00,47.02
2016-01-18 11:00,54.45
2016-01-18 12:00,59.8
2016-01-18 13:00,66.5
2016-01-18 14:00,80.63
2016-01-18 15:00,77.67
2016-01-18 16:00,77.38
2016-01-18 17:00,60.47
2016-01-18 18:00,55.82
2016-01-18 19:00,58.55
2016-01-18 20:00,58.4
2016-01-18 21:00,58.28
2016-01-18 22:00,58.53
2016-01-18 23:00,51.39
2016-01-19 0:00,31.69
2016-01-19 1:00,31.36
2016-01-19 2:00,29.67
2016-01-19 3:00,29.18
2016-01-19 4:00,28.65
2016-01-19 5:00,37.53
2016-01-19 6:00,43.38
2016-01-19 7:00,45.72
2016-01-19 8:00,56.26
2016-01-19 9:00,65.25
2016-01-19 10:00,72.42
2016-01-19 11:00,81.33
2016-01-19 12:00,89.85
2016-01-19 13:00,103.43
2016-01-19 14:00,109.01
2016-01-19 15:00,105.72
2016-01-19 16:00,109.69
2016-01-19 17:00,94.41
2016-01-19 18:00,87.51
2016-01-19 19:00,83.88
2016-01-19 20:00,82.94
2016-01-19 21:00,79.49
2016-01-19 22:00,78.39
2016-01-19 23:00,61.81
2016-01-20 0:00,30.38
2016-01-20 1:00,26.14
2016-01-20 2:00,28.04
2016-01-20 3:00,26.27
2016-01-20 4:00,24.38
2016-01-20 5:00,38.19
2016-01-20 6:00,48.91
2016-01-20 7:00,59.97
2016-01-20 8:00,72.6
2016-01-20 9:00,77.02
2016-01-20 10:00,82.79
2016-01-20 11:00,85.37
2016-01-20 12:00,85.24
2016-01-20 13:00,111.58
2016-01-20 14:00,112.93
2016-01-20 15:00,111.44
2016-01-20 16:00,110.12
2016-01-20 17:00,94.07
2016-01-20 18:00,87.2
2016-01-20 19:00,83.63
2016-01-20 20:00,82.69
2016-01-20 21:00,82.14
2016-01-20 22:00,87.44
2016-01-20 23:00,67.49
2016-01-21 0:00,38.87
2016-01-21 1:00,41.91
2016-01-21 2:00,41.86
2016-01-21 3:00,32.8
2016-01-21 4:00,30.7
2016-01-21 5:00,42.24
2016-01-21 6:00,49.29
2016-01-21 7:00,52.85
2016-01-21 8:00,72.56
2016-01-21 9:00,84.56
2016-01-21 10:00,87.73
2016-01-21 11:00,97.35
2016-01-21 12:00,117.73
2016-01-21 13:00,111.47
2016-01-21 14:00,123.05
2016-01-21 15:00,111.8
2016-01-21 16:00,96.89
2016-01-21 17:00,94.57
2016-01-21 18:00,74.25
2016-01-21 19:00,68.87
2016-01-21 20:00,69.78
2016-01-21 21:00,65.55
2016-01-21 22:00,64.91
2016-01-21 23:00,55.01
2016-01-22 0:00,31.66
2016-01-22 1:00,36.28
2016-01-22 2:00,30.51
2016-01-22 3:00,26.15
2016-01-22 4:00,24.12
2016-01-22 5:00,34.69
2016-01-22 6:00,44.35
2016-01-22 7:00,48.14
2016-01-22 8:00,61.45
2016-01-22 9:00,68.64
2016-01-22 10:00,75.39
2016-01-22 11:00,91.85
2016-01-22 12:00,106.75
2016-01-22 13:00,103.04
2016-01-22 14:00,114.45
2016-01-22 15:00,103.38
2016-01-22 16:00,110.6
2016-01-22 17:00,90.95
2016-01-22 18:00,89.23
2016-01-22 19:00,67.07
2016-01-22 20:00,52.48
2016-01-22 21:00,54.74
2016-01-22 22:00,61.98
2016-01-22 23:00,51
2016-01-23 0:00,26.88
2016-01-23 1:00,27.28
2016-01-23 2:00,25.72
2016-01-23 3:00,24.25
2016-01-23 4:00,24.02
2016-01-23 5:00,33.17
2016-01-23 6:00,39.96
2016-01-23 7:00,38.47
2016-01-23 8:00,37.03
2016-01-23 9:00,38
2016-01-23 10:00,37.61
2016-01-23 11:00,47.72
2016-01-23 12:00,64.17
2016-01-23 13:00,67.15
2016-01-23 14:00,68.48
2016-01-23 15:00,76.51
2016-01-23 16:00,67.93
2016-01-23 17:00,74.51
2016-01-23 18:00,70.06
2016-01-23 19:00,54.17
2016-01-23 20:00,42.75
2016-01-23 21:00,40.01
2016-01-23 22:00,40.1
2016-01-23 23:00,38.19
2016-01-24 0:00,26.42
2016-01-24 1:00,25.33
2016-01-24 2:00,24.27
2016-01-24 3:00,24.15
2016-01-24 4:00,24.08
2016-01-24 5:00,32.53
2016-01-24 6:00,37.94
2016-01-24 7:00,38.03
2016-01-24 8:00,36.14
2016-01-24 9:00,34.43
2016-01-24 10:00,37.14
2016-01-24 11:00,38.39
2016-01-24 12:00,38.21
2016-01-24 13:00,70.33
2016-01-24 14:00,68.71
2016-01-24 15:00,70.65
2016-01-24 16:00,77.22
2016-01-24 17:00,62.75
2016-01-24 18:00,56.94
2016-01-24 19:00,58.3
2016-01-24 20:00,57.67
2016-01-24 21:00,48.83
2016-01-24 22:00,44.77
2016-01-24 23:00,41.09
2016-01-25 0:00,28.35
2016-01-25 1:00,27.11
2016-01-25 2:00,26.24
2016-01-25 3:00,26.03
2016-01-25 4:00,25.66
2016-01-25 5:00,34.44
2016-01-25 6:00,41.81
2016-01-25 7:00,44.45
2016-01-25 8:00,59.02
2016-01-25 9:00,65.7
2016-01-25 10:00,68.04
2016-01-25 11:00,69.71
2016-01-25 12:00,72.4
2016-01-25 13:00,82.01
2016-01-25 14:00,96.38
2016-01-25 15:00,86.27
2016-01-25 16:00,74.22
2016-01-25 17:00,70.92
2016-01-25 18:00,70.13
2016-01-25 19:00,65.08
2016-01-25 20:00,64.12
2016-01-25 21:00,63.47
2016-01-25 22:00,64.53
2016-01-25 23:00,51.47
2016-01-26 0:00,36.65
2016-01-26 1:00,39.99
2016-01-26 2:00,33.49
2016-01-26 3:00,30.72
2016-01-26 4:00,29.08
2016-01-26 5:00,37.68
2016-01-26 6:00,43.6
2016-01-26 7:00,46.98
2016-01-26 8:00,61.42
2016-01-26 9:00,69.06
2016-01-26 10:00,72.56
2016-01-26 11:00,76.35
2016-01-26 12:00,78.32
2016-01-26 13:00,95.4
2016-01-26 14:00,100.04
2016-01-26 15:00,97.84
2016-01-26 16:00,99.76
2016-01-26 17:00,83.55
2016-01-26 18:00,72.7
2016-01-26 19:00,71.2
2016-01-26 20:00,69.1
2016-01-26 21:00,65.52
2016-01-26 22:00,63.11
2016-01-26 23:00,51.98
2016-01-27 0:00,32
2016-01-27 1:00,34.17
2016-01-27 2:00,32.11
2016-01-27 3:00,27.07
2016-01-27 4:00,25.41
2016-01-27 5:00,35.03
2016-01-27 6:00,43.46
2016-01-27 7:00,48.12
2016-01-27 8:00,62.42
2016-01-27 9:00,68.95
2016-01-27 10:00,70.58
2016-01-27 11:00,74.38
2016-01-27 12:00,74.95
2016-01-27 13:00,104.19
2016-01-27 14:00,93.27
2016-01-27 15:00,97.22
2016-01-27 16:00,94.44
2016-01-27 17:00,79.66
2016-01-27 18:00,73.26
2016-01-27 19:00,70.67
2016-01-27 20:00,68.24
2016-01-27 21:00,66.17
2016-01-27 22:00,65.79
2016-01-27 23:00,53.01
2016-01-28 0:00,36.51
2016-01-28 1:00,39.64
2016-01-28 2:00,42.96
2016-01-28 3:00,30.64
2016-01-28 4:00,29.62
2016-01-28 5:00,38.97
2016-01-28 6:00,45.16
2016-01-28 7:00,49.22
2016-01-28 8:00,62.37
2016-01-28 9:00,71.74
2016-01-28 10:00,72.68
2016-01-28 11:00,75
2016-01-28 12:00,77.99
2016-01-28 13:00,108.42
2016-01-28 14:00,98.05
2016-01-28 15:00,106.6
2016-01-28 16:00,96.49
2016-01-28 17:00,90.22
2016-01-28 18:00,72.05
2016-01-28 19:00,69.14
2016-01-28 20:00,68.34
2016-01-28 21:00,66.09
2016-01-28 22:00,64.05
2016-01-28 23:00,50.46
2016-01-29 0:00,32.26
2016-01-29 1:00,37.39
2016-01-29 2:00,29.78
2016-01-29 3:00,27.13
2016-01-29 4:00,25.27
2016-01-29 5:00,34.96
2016-01-29 6:00,44.2
2016-01-29 7:00,47.82
2016-01-29 8:00,61.3
2016-01-29 9:00,67.62
2016-01-29 10:00,71.57
2016-01-29 11:00,72.87
2016-01-29 12:00,72.85
2016-01-29 13:00,100.53
2016-01-29 14:00,95.45
2016-01-29 15:00,97.95
2016-01-29 16:00,88.73
2016-01-29 17:00,87.95
2016-01-29 18:00,64.23
2016-01-29 19:00,56.23
2016-01-29 20:00,56.93
2016-01-29 21:00,48.56
2016-01-29 22:00,47.44
2016-01-29 23:00,42.12
2016-01-30 0:00,26.73
2016-01-30 1:00,28.41
2016-01-30 2:00,25.2
2016-01-30 3:00,24.46
2016-01-30 4:00,24.39
2016-01-30 5:00,33.65
2016-01-30 6:00,40.09
2016-01-30 7:00,39.22
2016-01-30 8:00,38.11
2016-01-30 9:00,38.16
2016-01-30 10:00,37.52
2016-01-30 11:00,56.32
2016-01-30 12:00,65.63
2016-01-30 13:00,67.46
2016-01-30 14:00,76.87
2016-01-30 15:00,74.16
2016-01-30 16:00,80.81
2016-01-30 17:00,73.11
2016-01-30 18:00,73.94
2016-01-30 19:00,68.02
2016-01-30 20:00,52.24
2016-01-30 21:00,51.01
2016-01-30 22:00,41.05
2016-01-30 23:00,37.24
2016-01-31 0:00,26.47
2016-01-31 1:00,25.41
2016-01-31 2:00,25.28
2016-01-31 3:00,24.67
2016-01-31 4:00,25
2016-01-31 5:00,33.66
2016-01-31 6:00,39.9
2016-01-31 7:00,39.78
2016-01-31 8:00,36.04
2016-01-31 9:00,34.73
2016-01-31 10:00,48.65
2016-01-31 11:00,51.16
2016-01-31 12:00,56.62
2016-01-31 13:00,74.58
2016-01-31 14:00,72.25
2016-01-31 15:00,80.14
2016-01-31 16:00,75
2016-01-31 17:00,76.88
2016-01-31 18:00,84.3
2016-01-31 19:00,78.49
2016-01-31 20:00,83.35
2016-01-31 21:00,62.64
2016-01-31 22:00,64.25
2016-01-31 23:00,51.33
2016-02-01 0:00,28.49
2016-02-01 1:00,27.54
2016-02-01 2:00,26.5
2016-02-01 3:00,26.25
2016-02-01 4:00,26.16
2016-02-01 5:00,35.62
2016-02-01 6:00,44.76
2016-02-01 7:00,48.98
2016-02-01 8:00,62.64
2016-02-01 9:00,68.14
2016-02-01 10:00,70.64
2016-02-01 11:00,73.94
2016-02-01 12:00,86.67
2016-02-01 13:00,92.24
2016-02-01 14:00,92.23
2016-02-01 15:00,89.32
2016-02-01 16:00,87.77
2016-02-01 17:00,86.89
2016-02-01 18:00,85.32
2016-02-01 19:00,80.86
2016-02-01 20:00,78.33
2016-02-01 21:00,77.95
2016-02-01 22:00,74.5
2016-02-01 23:00,61.02
2016-02-02 0:00,35.8
2016-02-02 1:00,43.11
2016-02-02 2:00,36.77
2016-02-02 3:00,31.15
2016-02-02 4:00,29.92
2016-02-02 5:00,38.7
2016-02-02 6:00,42.73
2016-02-02 7:00,46.48
2016-02-02 8:00,63.68
2016-02-02 9:00,71.72
2016-02-02 10:00,77.29
2016-02-02 11:00,81.45
2016-02-02 12:00,83.67
2016-02-02 13:00,82.17
2016-02-02 14:00,80.95
2016-02-02 15:00,80.04
2016-02-02 16:00,79.63
2016-02-02 17:00,76.91
2016-02-02 18:00,77.46
2016-02-02 19:00,82.87
2016-02-02 20:00,84.49
2016-02-02 21:00,79.49
2016-02-02 22:00,76.32
2016-02-02 23:00,61.79
2016-02-03 0:00,29.01
2016-02-03 1:00,35.15
2016-02-03 2:00,27.57
2016-02-03 3:00,25.33
2016-02-03 4:00,24.18
2016-02-03 5:00,32.75
2016-02-03 6:00,40.95
2016-02-03 7:00,44.48
2016-02-03 8:00,59.79
2016-02-03 9:00,62.43
2016-02-03 10:00,67.39
2016-02-03 11:00,69.17
2016-02-03 12:00,70.53
2016-02-03 13:00,74.86
2016-02-03 14:00,75.69
2016-02-03 15:00,74.1
2016-02-03 16:00,74.9
2016-02-03 17:00,72.59
2016-02-03 18:00,72.8
2016-02-03 19:00,70.58
2016-02-03 20:00,69.31
2016-02-03 21:00,67.15
2016-02-03 22:00,65.89
2016-02-03 23:00,54.79
2016-02-04 0:00,37.91
2016-02-04 1:00,36.24
2016-02-04 2:00,31.69
2016-02-04 3:00,29.89
2016-02-04 4:00,29.74
2016-02-04 5:00,38.47
2016-02-04 6:00,43.25
2016-02-04 7:00,46.25
2016-02-04 8:00,59.6
2016-02-04 9:00,67.74
2016-02-04 10:00,70.89
2016-02-04 11:00,74.27
2016-02-04 12:00,76.8
2016-02-04 13:00,76.24
2016-02-04 14:00,75.9
2016-02-04 15:00,74.57
2016-02-04 16:00,72.53
2016-02-04 17:00,70.61
2016-02-04 18:00,71.68
2016-02-04 19:00,69.92
2016-02-04 20:00,68.94
2016-02-04 21:00,64.36
2016-02-04 22:00,62.31
2016-02-04 23:00,48.89
2016-02-05 0:00,30.65
2016-02-05 1:00,28.95
2016-02-05 2:00,24.04
2016-02-05 3:00,23.58
2016-02-05 4:00,23.68
2016-02-05 5:00,32.22
2016-02-05 6:00,40.7
2016-02-05 7:00,43.86
2016-02-05 8:00,56.69
2016-02-05 9:00,63.57
2016-02-05 10:00,67.42
2016-02-05 11:00,70.25
2016-02-05 12:00,70.95
2016-02-05 13:00,91.18
2016-02-05 14:00,89.99
2016-02-05 15:00,88.24
2016-02-05 16:00,91.62
2016-02-05 17:00,80.08
2016-02-05 18:00,70.53
2016-02-05 19:00,54.83
2016-02-05 20:00,54.68
2016-02-05 21:00,45.69
2016-02-05 22:00,47.78
2016-02-05 23:00,41.05
2016-02-06 0:00,26.06
2016-02-06 1:00,27.46
2016-02-06 2:00,24.05
2016-02-06 3:00,23.73
2016-02-06 4:00,23.63
2016-02-06 5:00,31.41
2016-02-06 6:00,37.26
2016-02-06 7:00,36.91
2016-02-06 8:00,33.41
2016-02-06 9:00,32.52
2016-02-06 10:00,33.12
2016-02-06 11:00,41.95
2016-02-06 12:00,56.37
2016-02-06 13:00,61.25
2016-02-06 14:00,65.96
2016-02-06 15:00,75.72
2016-02-06 16:00,69.75
2016-02-06 17:00,70.65
2016-02-06 18:00,75.05
2016-02-06 19:00,51.2
2016-02-06 20:00,42.55
2016-02-06 21:00,40.98
2016-02-06 22:00,42.04
2016-02-06 23:00,38.61
2016-02-07 0:00,26.16
2016-02-07 1:00,25.23
2016-02-07 2:00,24.36
2016-02-07 3:00,24
2016-02-07 4:00,24
2016-02-07 5:00,32.19
2016-02-07 6:00,37.54
2016-02-07 7:00,36.8
2016-02-07 8:00,31.87
2016-02-07 9:00,31.01
2016-02-07 10:00,32.06
2016-02-07 11:00,33.64
2016-02-07 12:00,51.5
2016-02-07 13:00,54.27
2016-02-07 14:00,68.27
2016-02-07 15:00,72.06
2016-02-07 16:00,68.87
2016-02-07 17:00,77.48
2016-02-07 18:00,71.83
2016-02-07 19:00,76.75
2016-02-07 20:00,71.13
2016-02-07 21:00,54.11
2016-02-07 22:00,49.69
2016-02-07 23:00,38.2
2016-02-08 0:00,26.28
2016-02-08 1:00,25.38
2016-02-08 2:00,24.62
2016-02-08 3:00,24.33
2016-02-08 4:00,24.3
2016-02-08 5:00,32.94
2016-02-08 6:00,40.17
2016-02-08 7:00,43.91
2016-02-08 8:00,54.06
2016-02-08 9:00,60.62
2016-02-08 10:00,66.68
2016-02-08 11:00,87.92
2016-02-08 12:00,88.82
2016-02-08 13:00,100.38
2016-02-08 14:00,93.77
2016-02-08 15:00,105.38
2016-02-08 16:00,94.89
2016-02-08 17:00,102.13
2016-02-08 18:00,99.29
2016-02-08 19:00,91.6
2016-02-08 20:00,86.09
2016-02-08 21:00,86
2016-02-08 22:00,77.4
2016-02-08 23:00,65.39
2016-02-09 0:00,42.75
2016-02-09 1:00,43.02
2016-02-09 2:00,45.46
2016-02-09 3:00,33.81
2016-02-09 4:00,32.86
2016-02-09 5:00,41.87
2016-02-09 6:00,49.07
2016-02-09 7:00,50.75
2016-02-09 8:00,62.08
2016-02-09 9:00,68.89
2016-02-09 10:00,95.46
2016-02-09 11:00,96.02
2016-02-09 12:00,106.92
2016-02-09 13:00,107.47
2016-02-09 14:00,115.15
2016-02-09 15:00,114.54
2016-02-09 16:00,112.9
2016-02-09 17:00,113.36
2016-02-09 18:00,104.6
2016-02-09 19:00,95.98
2016-02-09 20:00,96.01
2016-02-09 21:00,78.93
2016-02-09 22:00,81.65
2016-02-09 23:00,59.59
2016-02-10 0:00,30.71
2016-02-10 1:00,26.44
2016-02-10 2:00,26.89
2016-02-10 3:00,28.28
2016-02-10 4:00,24.9
2016-02-10 5:00,34.76
2016-02-10 6:00,44.35
2016-02-10 7:00,49.39
2016-02-10 8:00,58.53
2016-02-10 9:00,64.38
2016-02-10 10:00,89.28
2016-02-10 11:00,93.53
2016-02-10 12:00,101.03
2016-02-10 13:00,102.08
2016-02-10 14:00,105.58
2016-02-10 15:00,101.48
2016-02-10 16:00,112.44
2016-02-10 17:00,109.01
2016-02-10 18:00,103.14
2016-02-10 19:00,103.63
2016-02-10 20:00,98.83
2016-02-10 21:00,81.05
2016-02-10 22:00,86.38
2016-02-10 23:00,65.46
2016-02-11 0:00,36.76
2016-02-11 1:00,38.13
2016-02-11 2:00,31.97
2016-02-11 3:00,29.99
2016-02-11 4:00,29.78
2016-02-11 5:00,39.84
2016-02-11 6:00,47.87
2016-02-11 7:00,48.21
2016-02-11 8:00,58.11
2016-02-11 9:00,66.77
2016-02-11 10:00,82.54
2016-02-11 11:00,91.49
2016-02-11 12:00,104.35
2016-02-11 13:00,102.67
2016-02-11 14:00,111.29
2016-02-11 15:00,107.42
2016-02-11 16:00,117.2
2016-02-11 17:00,127.25
2016-02-11 18:00,120.46
2016-02-11 19:00,109.52
2016-02-11 20:00,110.66
2016-02-11 21:00,96.74
2016-02-11 22:00,85.88
2016-02-11 23:00,53.53
2016-02-12 0:00,28.88
2016-02-12 1:00,31.52
2016-02-12 2:00,25.74
2016-02-12 3:00,24.48
2016-02-12 4:00,24.18
2016-02-12 5:00,34.78
2016-02-12 6:00,44.14
2016-02-12 7:00,46.43
2016-02-12 8:00,56.48
2016-02-12 9:00,62.5
2016-02-12 10:00,74.55
2016-02-12 11:00,94.06
2016-02-12 12:00,91.28
2016-02-12 13:00,110.1
2016-02-12 14:00,98.13
2016-02-12 15:00,104.38
2016-02-12 16:00,101.17
2016-02-12 17:00,88.88
2016-02-12 18:00,92.54
2016-02-12 19:00,71.62
2016-02-12 20:00,77.63
2016-02-12 21:00,60.17
2016-02-12 22:00,44.56
2016-02-12 23:00,41.98
2016-02-13 0:00,27.29
2016-02-13 1:00,29.04
2016-02-13 2:00,25.57
2016-02-13 3:00,24.51
2016-02-13 4:00,24.26
2016-02-13 5:00,33.79
2016-02-13 6:00,39.72
2016-02-13 7:00,38.86
2016-02-13 8:00,35.8
2016-02-13 9:00,35.04
2016-02-13 10:00,48.56
2016-02-13 11:00,71.24
2016-02-13 12:00,68.6
2016-02-13 13:00,81.09
2016-02-13 14:00,70.98
2016-02-13 15:00,82.94
2016-02-13 16:00,74.76
2016-02-13 17:00,85.83
2016-02-13 18:00,76.98
2016-02-13 19:00,78.28
2016-02-13 20:00,59.72
2016-02-13 21:00,60.63
2016-02-13 22:00,59.44
2016-02-13 23:00,40.22
2016-02-14 0:00,26.1
2016-02-14 1:00,25.07
2016-02-14 2:00,24.51
2016-02-14 3:00,24.31
2016-02-14 4:00,24.23
2016-02-14 5:00,33.71
2016-02-14 6:00,39.67
2016-02-14 7:00,38.01
2016-02-14 8:00,32.69
2016-02-14 9:00,31.56
2016-02-14 10:00,43.26
2016-02-14 11:00,54.64
2016-02-14 12:00,60.49
2016-02-14 13:00,76.53
2016-02-14 14:00,74.34
2016-02-14 15:00,82.9
2016-02-14 16:00,77.94
2016-02-14 17:00,83.91
2016-02-14 18:00,80.84
2016-02-14 19:00,83.07
2016-02-14 20:00,76.53
2016-02-14 21:00,72.78
2016-02-14 22:00,59.23
2016-02-14 23:00,45.07
2016-02-15 0:00,29.27
2016-02-15 1:00,28.41
2016-02-15 2:00,27.41
2016-02-15 3:00,27.3
2016-02-15 4:00,27.23
2016-02-15 5:00,36.97
2016-02-15 6:00,43.86
2016-02-15 7:00,45.62
2016-02-15 8:00,55.77
2016-02-15 9:00,61.58
2016-02-15 10:00,85.27
2016-02-15 11:00,94.09
2016-02-15 12:00,96.01
2016-02-15 13:00,101.19
2016-02-15 14:00,103.14
2016-02-15 15:00,102.4
2016-02-15 16:00,104.63
2016-02-15 17:00,95.8
2016-02-15 18:00,105.13
2016-02-15 19:00,90.78
2016-02-15 20:00,93.21
2016-02-15 21:00,78.12
2016-02-15 22:00,81.36
2016-02-15 23:00,63.77
2016-02-16 0:00,38.39
2016-02-16 1:00,39.37
2016-02-16 2:00,31.51
2016-02-16 3:00,29.34
2016-02-16 4:00,28.91
2016-02-16 5:00,39.22
2016-02-16 6:00,44.45
2016-02-16 7:00,47.55
2016-02-16 8:00,57.87
2016-02-16 9:00,64.86
2016-02-16 10:00,91.66
2016-02-16 11:00,100.14
2016-02-16 12:00,105.8
2016-02-16 13:00,110.4
2016-02-16 14:00,116.95
2016-02-16 15:00,111.85
2016-02-16 16:00,110.87
2016-02-16 17:00,112.88
2016-02-16 18:00,99.18
2016-02-16 19:00,100.73
2016-02-16 20:00,95.69
2016-02-16 21:00,89.39
2016-02-16 22:00,75.74
2016-02-16 23:00,67.31
2016-02-17 0:00,38.55
2016-02-17 1:00,29.05
2016-02-17 2:00,24.69
2016-02-17 3:00,24.39
2016-02-17 4:00,24.08
2016-02-17 5:00,34.32
2016-02-17 6:00,44.47
2016-02-17 7:00,45.52
2016-02-17 8:00,57.05
2016-02-17 9:00,67.47
2016-02-17 10:00,96.72
2016-02-17 11:00,90.67
2016-02-17 12:00,103.31
2016-02-17 13:00,97.37
2016-02-17 14:00,108.13
2016-02-17 15:00,105.42
2016-02-17 16:00,109.68
2016-02-17 17:00,115.31
2016-02-17 18:00,104.57
2016-02-17 19:00,100.82
2016-02-17 20:00,100.06
2016-02-17 21:00,90.86
2016-02-17 22:00,91.45
2016-02-17 23:00,66.79
2016-02-18 0:00,47.07
2016-02-18 1:00,50.17
2016-02-18 2:00,44.8
2016-02-18 3:00,41.03
2016-02-18 4:00,37.8
2016-02-18 5:00,38.97
2016-02-18 6:00,45.72
2016-02-18 7:00,45.87
2016-02-18 8:00,57.34
2016-02-18 9:00,89.55
2016-02-18 10:00,97.55
2016-02-18 11:00,98.92
2016-02-18 12:00,104.32
2016-02-18 13:00,101.86
2016-02-18 14:00,110.12
2016-02-18 15:00,114.72
2016-02-18 16:00,103.61
2016-02-18 17:00,106.96
2016-02-18 18:00,104.58
2016-02-18 19:00,97.12
2016-02-18 20:00,97.68
2016-02-18 21:00,82.62
2016-02-18 22:00,81.54
2016-02-18 23:00,69.86
2016-02-19 0:00,40.72
2016-02-19 1:00,39.04
2016-02-19 2:00,26.78
2016-02-19 3:00,25.58
2016-02-19 4:00,24.49
2016-02-19 5:00,34.25
2016-02-19 6:00,42.62
2016-02-19 7:00,45.9
2016-02-19 8:00,54.96
2016-02-19 9:00,80.6
2016-02-19 10:00,88.8
2016-02-19 11:00,94.37
2016-02-19 12:00,99.61
2016-02-19 13:00,102.48
2016-02-19 14:00,97.03
2016-02-19 15:00,109.52
2016-02-19 16:00,101.92
2016-02-19 17:00,100.59
2016-02-19 18:00,98.58
2016-02-19 19:00,98.35
2016-02-19 20:00,93.87
2016-02-19 21:00,82.77
2016-02-19 22:00,54.22
2016-02-19 23:00,58.38
2016-02-20 0:00,38.05
2016-02-20 1:00,28.34
2016-02-20 2:00,25.6
2016-02-20 3:00,25.18
2016-02-20 4:00,25.16
2016-02-20 5:00,34.31
2016-02-20 6:00,40.77
2016-02-20 7:00,39.49
2016-02-20 8:00,35.85
2016-02-20 9:00,41.65
2016-02-20 10:00,59.45
2016-02-20 11:00,65.52
2016-02-20 12:00,80.37
2016-02-20 13:00,71
2016-02-20 14:00,85.67
2016-02-20 15:00,73.6
2016-02-20 16:00,86.03
2016-02-20 17:00,77.39
2016-02-20 18:00,87.58
2016-02-20 19:00,71.91
2016-02-20 20:00,74.26
2016-02-20 21:00,59.66
2016-02-20 22:00,68.71
2016-02-20 23:00,51.68
2016-02-21 0:00,37.61
2016-02-21 1:00,34.07
2016-02-21 2:00,25.41
2016-02-21 3:00,25.4
2016-02-21 4:00,25.24
2016-02-21 5:00,33.67
2016-02-21 6:00,39.9
2016-02-21 7:00,37.13
2016-02-21 8:00,32.11
2016-02-21 9:00,31.24
2016-02-21 10:00,54
2016-02-21 11:00,48.49
2016-02-21 12:00,57.91
2016-02-21 13:00,65.42
2016-02-21 14:00,77.63
2016-02-21 15:00,72.85
2016-02-21 16:00,82.75
2016-02-21 17:00,74.75
2016-02-21 18:00,88.09
2016-02-21 19:00,78.21
2016-02-21 20:00,86.5
2016-02-21 21:00,65.19
2016-02-21 22:00,67.5
2016-02-21 23:00,54.57
2016-02-22 0:00,29.11
2016-02-22 1:00,27.62
2016-02-22 2:00,27.07
2016-02-22 3:00,26.95
2016-02-22 4:00,26.72
2016-02-22 5:00,35.36
2016-02-22 6:00,43.53
2016-02-22 7:00,44.82
2016-02-22 8:00,55.17
2016-02-22 9:00,61.33
2016-02-22 10:00,68.27
2016-02-22 11:00,75.79
2016-02-22 12:00,87.91
2016-02-22 13:00,86.03
2016-02-22 14:00,98.4
2016-02-22 15:00,91.7
2016-02-22 16:00,99.37
2016-02-22 17:00,91.19
2016-02-22 18:00,98.57
2016-02-22 19:00,94.43
2016-02-22 20:00,89.37
2016-02-22 21:00,85.58
2016-02-22 22:00,85.99
2016-02-22 23:00,62.58
2016-02-23 0:00,47.72
2016-02-23 1:00,44.72
2016-02-23 2:00,38.54
2016-02-23 3:00,30.19
2016-02-23 4:00,29.97
2016-02-23 5:00,39.77
2016-02-23 6:00,48.14
2016-02-23 7:00,46.82
2016-02-23 8:00,60.73
2016-02-23 9:00,67.76
2016-02-23 10:00,84.76
2016-02-23 11:00,81.82
2016-02-23 12:00,91.17
2016-02-23 13:00,106.79
2016-02-23 14:00,112.83
2016-02-23 15:00,110.84
2016-02-23 16:00,105.52
2016-02-23 17:00,104.03
2016-02-23 18:00,89.04
2016-02-23 19:00,88.54
2016-02-23 20:00,69.81
2016-02-23 21:00,67.56
2016-02-23 22:00,65.05
2016-02-23 23:00,50.9
2016-02-24 0:00,30.23
2016-02-24 1:00,31.83
2016-02-24 2:00,27.14
2016-02-24 3:00,25.15
2016-02-24 4:00,25.16
2016-02-24 5:00,34.2
2016-02-24 6:00,43.77
2016-02-24 7:00,45.85
2016-02-24 8:00,58.18
2016-02-24 9:00,63.59
2016-02-24 10:00,78.76
2016-02-24 11:00,81.88
2016-02-24 12:00,88.76
2016-02-24 13:00,104.79
2016-02-24 14:00,101.97
2016-02-24 15:00,115.17
2016-02-24 16:00,121.44
2016-02-24 17:00,118.81
2016-02-24 18:00,103.89
2016-02-24 19:00,100.61
2016-02-24 20:00,89.39
2016-02-24 21:00,80.94
2016-02-24 22:00,80.08
2016-02-24 23:00,61.72
2016-02-25 0:00,36.53
2016-02-25 1:00,34.82
2016-02-25 2:00,31.66
2016-02-25 3:00,30.67
2016-02-25 4:00,30.38
2016-02-25 5:00,41.21
2016-02-25 6:00,50.57
2016-02-25 7:00,50.05
2016-02-25 8:00,62.28
2016-02-25 9:00,73.7
2016-02-25 10:00,92.95
2016-02-25 11:00,106.86
2016-02-25 12:00,118
2016-02-25 13:00,121.76
2016-02-25 14:00,126.04
2016-02-25 15:00,126
2016-02-25 16:00,121.87
2016-02-25 17:00,120.08
2016-02-25 18:00,122.22
2016-02-25 19:00,119.99
2016-02-25 20:00,102.22
2016-02-25 21:00,90.8
2016-02-25 22:00,77.86
2016-02-25 23:00,60.77
2016-02-26 0:00,30.81
2016-02-26 1:00,27.75
2016-02-26 2:00,25.4
2016-02-26 3:00,25.21
2016-02-26 4:00,25.36
2016-02-26 5:00,36.83
2016-02-26 6:00,46.61
2016-02-26 7:00,49.03
2016-02-26 8:00,59.71
2016-02-26 9:00,70.81
2016-02-26 10:00,90.28
2016-02-26 11:00,92.57
2016-02-26 12:00,105.5
2016-02-26 13:00,101.42
2016-02-26 14:00,108.98
2016-02-26 15:00,119.02
2016-02-26 16:00,126.3
2016-02-26 17:00,115.51
2016-02-26 18:00,106.45
2016-02-26 19:00,104.11
2016-02-26 20:00,95.04
2016-02-26 21:00,76.42
2016-02-26 22:00,82.95
2016-02-26 23:00,64.33
2016-02-27 0:00,35.61
2016-02-27 1:00,26.42
2016-02-27 2:00,25.45
2016-02-27 3:00,25.23
2016-02-27 4:00,25.32
2016-02-27 5:00,36.09
2016-02-27 6:00,43.89
2016-02-27 7:00,41.64
2016-02-27 8:00,38.43
2016-02-27 9:00,45.47
2016-02-27 10:00,53.19
2016-02-27 11:00,72.78
2016-02-27 12:00,72.49
2016-02-27 13:00,86.87
2016-02-27 14:00,81.1
2016-02-27 15:00,93.93
2016-02-27 16:00,83.09
2016-02-27 17:00,91.46
2016-02-27 18:00,94.31
2016-02-27 19:00,88.64
2016-02-27 20:00,90.42
2016-02-27 21:00,72.66
2016-02-27 22:00,77.36
2016-02-27 23:00,56.42
2016-02-28 0:00,34.66
2016-02-28 1:00,26.57
2016-02-28 2:00,25.7
2016-02-28 3:00,25.23
2016-02-28 4:00,25.48
2016-02-28 5:00,36.34
2016-02-28 6:00,44.14
2016-02-28 7:00,40.86
2016-02-28 8:00,35.29
2016-02-28 9:00,37.61
2016-02-28 10:00,49.61
2016-02-28 11:00,58.96
2016-02-28 12:00,56.75
2016-02-28 13:00,75.92
2016-02-28 14:00,74.98
2016-02-28 15:00,91.63
2016-02-28 16:00,81.74
2016-02-28 17:00,90.86
2016-02-28 18:00,83.22
2016-02-28 19:00,95.32
2016-02-28 20:00,85.61
2016-02-28 21:00,90.02
2016-02-28 22:00,78.91
2016-02-28 23:00,71.92
2016-02-29 0:00,43.58
2016-02-29 1:00,40.66
2016-02-29 2:00,35.41
2016-02-29 3:00,29.18
2016-02-29 4:00,29.21
2016-02-29 5:00,41.11
2016-02-29 6:00,49.91
2016-02-29 7:00,50.66
2016-02-29 8:00,61.27
2016-02-29 9:00,73.25
2016-02-29 10:00,87.72
2016-02-29 11:00,102.28
2016-02-29 12:00,103.78
2016-02-29 13:00,111.3
2016-02-29 14:00,121.69
2016-02-29 15:00,126.21
2016-02-29 16:00,128.97
2016-02-29 17:00,129.22
2016-02-29 18:00,124.84
2016-02-29 19:00,121.74
2016-02-29 20:00,113.37
2016-02-29 21:00,103.92
2016-02-29 22:00,99.2
2016-02-29 23:00,87.77
2016-03-01 0:00,51.61
2016-03-01 1:00,44.41
2016-03-01 2:00,41.82
2016-03-01 3:00,34.08
2016-03-01 4:00,29.99
2016-03-01 5:00,45.56
2016-03-01 6:00,59.94
2016-03-01 7:00,59.33
2016-03-01 8:00,64.98
2016-03-01 9:00,80.69
2016-03-01 10:00,101.57
2016-03-01 11:00,99.92
2016-03-01 12:00,129.42
2016-03-01 13:00,133.63
2016-03-01 14:00,131.7
2016-03-01 15:00,135.16
2016-03-01 16:00,135.59
2016-03-01 17:00,135.61
2016-03-01 18:00,130.66
2016-03-01 19:00,123.65
2016-03-01 20:00,117.23
2016-03-01 21:00,109.12
2016-03-01 22:00,102.6
2016-03-01 23:00,81.72
2016-03-02 0:00,45.81
2016-03-02 1:00,38.19
2016-03-02 2:00,46.77
2016-03-02 3:00,31.78
2016-03-02 4:00,26.26
2016-03-02 5:00,42.14
2016-03-02 6:00,60.91
2016-03-02 7:00,62.44
2016-03-02 8:00,75.81
2016-03-02 9:00,94.67
2016-03-02 10:00,107.96
2016-03-02 11:00,118.89
2016-03-02 12:00,113.49
2016-03-02 13:00,128.63
2016-03-02 14:00,133.48
2016-03-02 15:00,131.85
2016-03-02 16:00,130.49
2016-03-02 17:00,130.39
2016-03-02 18:00,123.96
2016-03-02 19:00,122.24
2016-03-02 20:00,121.02
2016-03-02 21:00,117.86
2016-03-02 22:00,111.02
2016-03-02 23:00,88.09
2016-03-03 0:00,50.44
2016-03-03 1:00,45.02
2016-03-03 2:00,42.07
2016-03-03 3:00,40.85
2016-03-03 4:00,35.22
2016-03-03 5:00,47.76
2016-03-03 6:00,63.61
2016-03-03 7:00,63.66
2016-03-03 8:00,74.92
2016-03-03 9:00,99.77
2016-03-03 10:00,109
2016-03-03 11:00,121.26
2016-03-03 12:00,119.54
2016-03-03 13:00,134.59
2016-03-03 14:00,136.64
2016-03-03 15:00,135.74
2016-03-03 16:00,132.74
2016-03-03 17:00,128.61
2016-03-03 18:00,123.28
2016-03-03 19:00,125.75
2016-03-03 20:00,122.2
2016-03-03 21:00,108.9
2016-03-03 22:00,100.33
2016-03-03 23:00,79.73
2016-03-04 0:00,41.88
2016-03-04 1:00,38.87
2016-03-04 2:00,37.08
2016-03-04 3:00,36.99
2016-03-04 4:00,28.33
2016-03-04 5:00,43.45
2016-03-04 6:00,61.21
2016-03-04 7:00,64.56
2016-03-04 8:00,78.76
2016-03-04 9:00,95.67
2016-03-04 10:00,106.75
2016-03-04 11:00,116.41
2016-03-04 12:00,112.46
2016-03-04 13:00,126.1
2016-03-04 14:00,128.64
2016-03-04 15:00,126.64
2016-03-04 16:00,122.8
2016-03-04 17:00,119.49
2016-03-04 18:00,111.3
2016-03-04 19:00,104.4
2016-03-04 20:00,95.64
2016-03-04 21:00,85.17
2016-03-04 22:00,85.13
2016-03-04 23:00,67.38
2016-03-05 0:00,38.85
2016-03-05 1:00,45.51
2016-03-05 2:00,36.66
2016-03-05 3:00,29.9
2016-03-05 4:00,30.91
2016-03-05 5:00,44.38
2016-03-05 6:00,58.18
2016-03-05 7:00,55.73
2016-03-05 8:00,55.66
2016-03-05 9:00,66.02
2016-03-05 10:00,77.53
2016-03-05 11:00,76.14
2016-03-05 12:00,84.07
2016-03-05 13:00,79.8
2016-03-05 14:00,91.01
2016-03-05 15:00,83.18
2016-03-05 16:00,88.7
2016-03-05 17:00,84.16
2016-03-05 18:00,91.31
2016-03-05 19:00,88.59
2016-03-05 20:00,90.37
2016-03-05 21:00,82.28
2016-03-05 22:00,89.55
2016-03-05 23:00,73.5
2016-03-06 0:00,37.51
2016-03-06 1:00,36.05
2016-03-06 2:00,36.36
2016-03-06 3:00,36.05
2016-03-06 4:00,35.88
2016-03-06 5:00,56
2016-03-06 6:00,69.72
2016-03-06 7:00,63.92
2016-03-06 8:00,59.64
2016-03-06 9:00,64.3
2016-03-06 10:00,69.54
2016-03-06 11:00,76.21
2016-03-06 12:00,84.57
2016-03-06 13:00,78.17
2016-03-06 14:00,87.15
2016-03-06 15:00,81.84
2016-03-06 16:00,89.44
2016-03-06 17:00,80.45
2016-03-06 18:00,90.93
2016-03-06 19:00,85.19
2016-03-06 20:00,92.34
2016-03-06 21:00,82.63
2016-03-06 22:00,89.4
2016-03-06 23:00,67.67
2016-03-07 0:00,39.66
2016-03-07 1:00,38.21
2016-03-07 2:00,38.25
2016-03-07 3:00,32.72
2016-03-07 4:00,27.65
2016-03-07 5:00,43.5
2016-03-07 6:00,61.58
2016-03-07 7:00,60.74
2016-03-07 8:00,61.6
2016-03-07 9:00,72.9
2016-03-07 10:00,80.24
2016-03-07 11:00,93.1
2016-03-07 12:00,97.35
2016-03-07 13:00,113.11
2016-03-07 14:00,107.11
2016-03-07 15:00,111.08
2016-03-07 16:00,107.2
2016-03-07 17:00,76.59
2016-03-07 18:00,78.95
2016-03-07 19:00,65.31
2016-03-07 20:00,62.78
2016-03-07 21:00,63.43
2016-03-07 22:00,64.09
2016-03-07 23:00,55.78
2016-03-08 0:00,33.5
2016-03-08 1:00,32.47
2016-03-08 2:00,30.08
2016-03-08 3:00,30.4
2016-03-08 4:00,30.1
2016-03-08 5:00,42.38
2016-03-08 6:00,53.68
2016-03-08 7:00,47.41
2016-03-08 8:00,47.78
2016-03-08 9:00,60.54
2016-03-08 10:00,64.14
2016-03-08 11:00,64.97
2016-03-08 12:00,73.46
2016-03-08 13:00,86.16
2016-03-08 14:00,90.18
2016-03-08 15:00,98.44
2016-03-08 16:00,84.91
2016-03-08 17:00,78.75
2016-03-08 18:00,63.44
2016-03-08 19:00,69.59
2016-03-08 20:00,55.52
2016-03-08 21:00,58.53
2016-03-08 22:00,54.26
2016-03-08 23:00,48.29
2016-03-09 0:00,30.79
2016-03-09 1:00,28.68
2016-03-09 2:00,27.16
2016-03-09 3:00,27.31
2016-03-09 4:00,26.41
2016-03-09 5:00,35.97
2016-03-09 6:00,45.95
2016-03-09 7:00,46.08
2016-03-09 8:00,51.78
2016-03-09 9:00,63.12
2016-03-09 10:00,73.87
2016-03-09 11:00,83.91
2016-03-09 12:00,85.85
2016-03-09 13:00,99.2
2016-03-09 14:00,93.32
2016-03-09 15:00,96.17
2016-03-09 16:00,105.49
2016-03-09 17:00,97.35
2016-03-09 18:00,91.26
2016-03-09 19:00,91.03
2016-03-09 20:00,75.99
2016-03-09 21:00,84.68
2016-03-09 22:00,78.27
2016-03-09 23:00,69.49
2016-03-10 0:00,36.13
2016-03-10 1:00,34.99
2016-03-10 2:00,32.47
2016-03-10 3:00,31.98
2016-03-10 4:00,31.68
2016-03-10 5:00,42.64
2016-03-10 6:00,50.3
2016-03-10 7:00,46.52
2016-03-10 8:00,50.78
2016-03-10 9:00,63.76
2016-03-10 10:00,78.67
2016-03-10 11:00,87.72
2016-03-10 12:00,96.17
2016-03-10 13:00,90.98
2016-03-10 14:00,104.61
2016-03-10 15:00,104.06
2016-03-10 16:00,100.39
2016-03-10 17:00,102.92
2016-03-10 18:00,98.68
2016-03-10 19:00,97.75
2016-03-10 20:00,87.24
2016-03-10 21:00,92.81
2016-03-10 22:00,83.78
2016-03-10 23:00,76.51
2016-03-11 0:00,38.25
2016-03-11 1:00,36.76
2016-03-11 2:00,30.02
2016-03-11 3:00,26.49
2016-03-11 4:00,26.01
2016-03-11 5:00,37
2016-03-11 6:00,47.71
2016-03-11 7:00,43.4
2016-03-11 8:00,48.58
2016-03-11 9:00,69.67
2016-03-11 10:00,89.71
2016-03-11 11:00,88.3
2016-03-11 12:00,101.25
2016-03-11 13:00,106.16
2016-03-11 14:00,120.69
2016-03-11 15:00,114.16
2016-03-11 16:00,113.58
2016-03-11 17:00,106.82
2016-03-11 18:00,90.26
2016-03-11 19:00,88.82
2016-03-11 20:00,96.79
2016-03-11 21:00,90.95
2016-03-11 22:00,104.06
2016-03-11 23:00,79.3
2016-03-12 0:00,42.07
2016-03-12 1:00,40.78
2016-03-12 2:00,40.07
2016-03-12 3:00,40.01
2016-03-12 4:00,34.78
2016-03-12 5:00,43.61
2016-03-12 6:00,61.14
2016-03-12 7:00,56.51
2016-03-12 8:00,53.76
2016-03-12 9:00,53.46
2016-03-12 10:00,53.41
2016-03-12 11:00,57.8
2016-03-12 12:00,71.79
2016-03-12 13:00,76.22
2016-03-12 14:00,84.77
2016-03-12 15:00,81.96
2016-03-12 16:00,77.3
2016-03-12 17:00,76.96
2016-03-12 18:00,69.44
2016-03-12 19:00,79.2
2016-03-12 20:00,59.8
2016-03-12 21:00,56.95
2016-03-12 22:00,58.63
2016-03-12 23:00,52.33
2016-03-13 0:00,27.04
2016-03-13 1:00,25.86
2016-03-13 2:00,25.89
2016-03-13 3:00,25.43
2016-03-13 4:00,25.37
2016-03-13 5:00,35.69
2016-03-13 6:00,44.06
2016-03-13 7:00,39.56
2016-03-13 8:00,36.38
2016-03-13 9:00,35.95
2016-03-13 10:00,45.74
2016-03-13 11:00,57.81
2016-03-13 12:00,56.14
2016-03-13 13:00,72.86
2016-03-13 14:00,72.82
2016-03-13 15:00,80.87
2016-03-13 16:00,82.21
2016-03-13 17:00,84.88
2016-03-13 18:00,94.49
2016-03-13 19:00,97.42
2016-03-13 20:00,93.52
2016-03-13 21:00,75.09
2016-03-13 22:00,75.06
2016-03-13 23:00,64.6
2016-03-14 0:00,37.71
2016-03-14 1:00,28.42
2016-03-14 2:00,25.89
2016-03-14 3:00,25.71
2016-03-14 4:00,25.5
2016-03-14 5:00,36.18
2016-03-14 6:00,45.45
2016-03-14 7:00,46.54
2016-03-14 8:00,61.31
2016-03-14 9:00,79.08
2016-03-14 10:00,84.26
2016-03-14 11:00,93.42
2016-03-14 12:00,100.91
2016-03-14 13:00,109.89
2016-03-14 14:00,110.32
2016-03-14 15:00,125.74
2016-03-14 16:00,125.77
2016-03-14 17:00,124.96
2016-03-14 18:00,119.58
2016-03-14 19:00,111.34
2016-03-14 20:00,103.7
2016-03-14 21:00,97.37
2016-03-14 22:00,90.54
2016-03-14 23:00,71.61
2016-03-15 0:00,48.19
2016-03-15 1:00,46.55
2016-03-15 2:00,44.2
2016-03-15 3:00,33.55
2016-03-15 4:00,30.26
2016-03-15 5:00,45.73
2016-03-15 6:00,62.91
2016-03-15 7:00,60.52
2016-03-15 8:00,75.61
2016-03-15 9:00,87.46
2016-03-15 10:00,110.31
2016-03-15 11:00,118.8
2016-03-15 12:00,129.64
2016-03-15 13:00,132.35
2016-03-15 14:00,126.17
2016-03-15 15:00,130.48
2016-03-15 16:00,135.42
2016-03-15 17:00,130.05
2016-03-15 18:00,123.41
2016-03-15 19:00,121.99
2016-03-15 20:00,111.34
2016-03-15 21:00,105.38
2016-03-15 22:00,95.31
2016-03-15 23:00,72.44
2016-03-16 0:00,40.37
2016-03-16 1:00,39.38
2016-03-16 2:00,26.95
2016-03-16 3:00,26.31
2016-03-16 4:00,26.15
2016-03-16 5:00,40.98
2016-03-16 6:00,61
2016-03-16 7:00,59.19
2016-03-16 8:00,72.35
2016-03-16 9:00,92.16
2016-03-16 10:00,110.67
2016-03-16 11:00,111.22
2016-03-16 12:00,122.43
2016-03-16 13:00,126.83
2016-03-16 14:00,120.91
2016-03-16 15:00,130.23
2016-03-16 16:00,131.91
2016-03-16 17:00,131.16
2016-03-16 18:00,126.1
2016-03-16 19:00,119.94
2016-03-16 20:00,112.21
2016-03-16 21:00,104.18
2016-03-16 22:00,105.63
2016-03-16 23:00,74.67
2016-03-17 0:00,48.26
2016-03-17 1:00,47.91
2016-03-17 2:00,38.09
2016-03-17 3:00,30.95
2016-03-17 4:00,30.29
2016-03-17 5:00,45.92
2016-03-17 6:00,62.58
2016-03-17 7:00,60.47
2016-03-17 8:00,73.93
2016-03-17 9:00,94.37
2016-03-17 10:00,114.28
2016-03-17 11:00,113.48
2016-03-17 12:00,125.88
2016-03-17 13:00,131.25
2016-03-17 14:00,135.95
2016-03-17 15:00,133.91
2016-03-17 16:00,134.2
2016-03-17 17:00,133.81
2016-03-17 18:00,127.59
2016-03-17 19:00,124.47
2016-03-17 20:00,118.4
2016-03-17 21:00,110.93
2016-03-17 22:00,103.23
2016-03-17 23:00,84.3
2016-03-18 0:00,43.22
2016-03-18 1:00,39.78
2016-03-18 2:00,39.75
2016-03-18 3:00,28.84
2016-03-18 4:00,28.09
2016-03-18 5:00,43.61
2016-03-18 6:00,60.72
2016-03-18 7:00,58.24
2016-03-18 8:00,75.76
2016-03-18 9:00,93
2016-03-18 10:00,111.72
2016-03-18 11:00,109.47
2016-03-18 12:00,123.91
2016-03-18 13:00,128.81
2016-03-18 14:00,122.38
2016-03-18 15:00,125.7
2016-03-18 16:00,127.38
2016-03-18 17:00,120.6
2016-03-18 18:00,115.18
2016-03-18 19:00,103.95
2016-03-18 20:00,102.76
2016-03-18 21:00,99.23
2016-03-18 22:00,90.81
2016-03-18 23:00,72.74
2016-03-19 0:00,38.73
2016-03-19 1:00,38.19
2016-03-19 2:00,37.9
2016-03-19 3:00,36.46
2016-03-19 4:00,27.38
2016-03-19 5:00,42.49
2016-03-19 6:00,58.86
2016-03-19 7:00,54.59
2016-03-19 8:00,58.42
2016-03-19 9:00,71.59
2016-03-19 10:00,77.55
2016-03-19 11:00,87.95
2016-03-19 12:00,97.92
2016-03-19 13:00,94.83
2016-03-19 14:00,108.66
2016-03-19 15:00,101.59
2016-03-19 16:00,108.3
2016-03-19 17:00,111.14
2016-03-19 18:00,110.75
2016-03-19 19:00,96.41
2016-03-19 20:00,92
2016-03-19 21:00,91.15
2016-03-19 22:00,82.17
2016-03-19 23:00,73.09
2016-03-20 0:00,37.53
2016-03-20 1:00,36.49
2016-03-20 2:00,36.67
2016-03-20 3:00,35.84
2016-03-20 4:00,35.55
2016-03-20 5:00,54.08
2016-03-20 6:00,56.82
2016-03-20 7:00,51.58
2016-03-20 8:00,60.48
2016-03-20 9:00,73.6
2016-03-20 10:00,73.79
2016-03-20 11:00,80.79
2016-03-20 12:00,82.05
2016-03-20 13:00,97.39
2016-03-20 14:00,102.19
2016-03-20 15:00,111.96
2016-03-20 16:00,102.28
2016-03-20 17:00,115.3
2016-03-20 18:00,112.72
2016-03-20 19:00,111.81
2016-03-20 20:00,101.28
2016-03-20 21:00,100.91
2016-03-20 22:00,88.15
2016-03-20 23:00,85.72
2016-03-21 0:00,40.81
2016-03-21 1:00,38.87
2016-03-21 2:00,39.15
2016-03-21 3:00,38.89
2016-03-21 4:00,38.4
2016-03-21 5:00,46.71
2016-03-21 6:00,63.29
2016-03-21 7:00,63.15
2016-03-21 8:00,89.05
2016-03-21 9:00,106.19
2016-03-21 10:00,114.46
2016-03-21 11:00,116.45
2016-03-21 12:00,129.57
2016-03-21 13:00,134.71
2016-03-21 14:00,135.27
2016-03-21 15:00,135.94
2016-03-21 16:00,135.45
2016-03-21 17:00,134.29
2016-03-21 18:00,129.23
2016-03-21 19:00,125.51
2016-03-21 20:00,118.7
2016-03-21 21:00,116.47
2016-03-21 22:00,109.97
2016-03-21 23:00,91.46
2016-03-22 0:00,47.88
2016-03-22 1:00,46.99
2016-03-22 2:00,46.32
2016-03-22 3:00,44.67
2016-03-22 4:00,42.81
2016-03-22 5:00,65.07
2016-03-22 6:00,81.65
2016-03-22 7:00,64.02
2016-03-22 8:00,87.7
2016-03-22 9:00,117.76
2016-03-22 10:00,118.09
2016-03-22 11:00,122.48
2016-03-22 12:00,132.3
2016-03-22 13:00,133.72
2016-03-22 14:00,136.48
2016-03-22 15:00,136.41
2016-03-22 16:00,132.66
2016-03-22 17:00,126.23
2016-03-22 18:00,117.41
2016-03-22 19:00,116.25
2016-03-22 20:00,119.45
2016-03-22 21:00,105.85
2016-03-22 22:00,94.16
2016-03-22 23:00,74.68
2016-03-23 0:00,40.96
2016-03-23 1:00,38.94
2016-03-23 2:00,29.02
2016-03-23 3:00,26.5
2016-03-23 4:00,25.96
2016-03-23 5:00,42.11
2016-03-23 6:00,59.83
2016-03-23 7:00,58.94
2016-03-23 8:00,71.27
2016-03-23 9:00,79.29
2016-03-23 10:00,98.21
2016-03-23 11:00,100.67
2016-03-23 12:00,119.42
2016-03-23 13:00,118.28
2016-03-23 14:00,118.69
2016-03-23 15:00,125.96
2016-03-23 16:00,110.81
2016-03-23 17:00,95.66
2016-03-23 18:00,116.29
2016-03-23 19:00,98.92
2016-03-23 20:00,89.44
2016-03-23 21:00,81.75
2016-03-23 22:00,82.28
2016-03-23 23:00,64.75
2016-03-24 0:00,37.62
2016-03-24 1:00,37.17
2016-03-24 2:00,31.93
2016-03-24 3:00,30.74
2016-03-24 4:00,31.3
2016-03-24 5:00,47.71
2016-03-24 6:00,63.78
2016-03-24 7:00,59.65
2016-03-24 8:00,73.8
2016-03-24 9:00,88.91
2016-03-24 10:00,101.43
2016-03-24 11:00,115.24
2016-03-24 12:00,126.67
2016-03-24 13:00,127.96
2016-03-24 14:00,128.69
2016-03-24 15:00,126.46
2016-03-24 16:00,127.93
2016-03-24 17:00,126.12
2016-03-24 18:00,121.45
2016-03-24 19:00,113.92
2016-03-24 20:00,101.65
2016-03-24 21:00,92.63
2016-03-24 22:00,94.21
2016-03-24 23:00,73.88
2016-03-25 0:00,34.52
2016-03-25 1:00,27.69
2016-03-25 2:00,27.61
2016-03-25 3:00,27.39
2016-03-25 4:00,27.33
2016-03-25 5:00,42.21
2016-03-25 6:00,60.71
2016-03-25 7:00,59.46
2016-03-25 8:00,73.53
2016-03-25 9:00,84.49
2016-03-25 10:00,106.12
2016-03-25 11:00,110.73
2016-03-25 12:00,120.04
2016-03-25 13:00,120.67
2016-03-25 14:00,121.13
2016-03-25 15:00,126.85
2016-03-25 16:00,125.83
2016-03-25 17:00,116.09
2016-03-25 18:00,109.82
2016-03-25 19:00,100.8
2016-03-25 20:00,97.41
2016-03-25 21:00,91.34
2016-03-25 22:00,74.91
2016-03-25 23:00,71.38
2016-03-26 0:00,37.62
2016-03-26 1:00,36.84
2016-03-26 2:00,26.35
2016-03-26 3:00,25.95
2016-03-26 4:00,25.94
2016-03-26 5:00,40.69
2016-03-26 6:00,57.62
2016-03-26 7:00,52.89
2016-03-26 8:00,60.01
2016-03-26 9:00,71.29
2016-03-26 10:00,79.4
2016-03-26 11:00,91.89
2016-03-26 12:00,93.38
2016-03-26 13:00,101.52
2016-03-26 14:00,101.47
2016-03-26 15:00,102.35
2016-03-26 16:00,109.15
2016-03-26 17:00,104.1
2016-03-26 18:00,107.57
2016-03-26 19:00,103.14
2016-03-26 20:00,95.95
2016-03-26 21:00,89.5
2016-03-26 22:00,87.92
2016-03-26 23:00,65.24
2016-03-27 0:00,41.76
2016-03-27 1:00,40.23
2016-03-27 2:00,30.29
2016-03-27 3:00,29.18
2016-03-27 4:00,29.38
2016-03-27 5:00,43.91
2016-03-27 6:00,60.28
2016-03-27 7:00,55.01
2016-03-27 8:00,58.9
2016-03-27 9:00,67.52
2016-03-27 10:00,80.69
2016-03-27 11:00,79.4
2016-03-27 12:00,83.51
2016-03-27 13:00,97.44
2016-03-27 14:00,105.33
2016-03-27 15:00,100.46
2016-03-27 16:00,111.76
2016-03-27 17:00,109.56
2016-03-27 18:00,102.86
2016-03-27 19:00,111.04
2016-03-27 20:00,109.37
2016-03-27 21:00,92.34
2016-03-27 22:00,89.92
2016-03-27 23:00,70.84
2016-03-28 0:00,39.49
2016-03-28 1:00,37.7
2016-03-28 2:00,37.57
2016-03-28 3:00,37.32
2016-03-28 4:00,37.83
2016-03-28 5:00,44.83
2016-03-28 6:00,61.58
2016-03-28 7:00,59.24
2016-03-28 8:00,82.85
2016-03-28 9:00,109.52
2016-03-28 10:00,107.29
2016-03-28 11:00,120.43
2016-03-28 12:00,122.69
2016-03-28 13:00,125.3
2016-03-28 14:00,130.95
2016-03-28 15:00,130.72
2016-03-28 16:00,131.19
2016-03-28 17:00,128.73
2016-03-28 18:00,122.52
2016-03-28 19:00,118.41
2016-03-28 20:00,112.33
2016-03-28 21:00,114.86
2016-03-28 22:00,106.29
2016-03-28 23:00,91.11
2016-03-29 0:00,47.13
2016-03-29 1:00,45.13
2016-03-29 2:00,40.94
2016-03-29 3:00,40.78
2016-03-29 4:00,40.88
2016-03-29 5:00,48.33
2016-03-29 6:00,62.97
2016-03-29 7:00,59
2016-03-29 8:00,73.8
2016-03-29 9:00,83.5
2016-03-29 10:00,85.53
2016-03-29 11:00,87.96
2016-03-29 12:00,90.03
2016-03-29 13:00,107.84
2016-03-29 14:00,110.41
2016-03-29 15:00,125.93
2016-03-29 16:00,114.52
2016-03-29 17:00,98.48
2016-03-29 18:00,97.43
2016-03-29 19:00,86.77
2016-03-29 20:00,83.26
2016-03-29 21:00,80.84
2016-03-29 22:00,77.04
2016-03-29 23:00,62.05
2016-03-30 0:00,30.23
2016-03-30 1:00,27.76
2016-03-30 2:00,26.4
2016-03-30 3:00,26.07
2016-03-30 4:00,26.2
2016-03-30 5:00,41.6
2016-03-30 6:00,61.58
2016-03-30 7:00,59
2016-03-30 8:00,74.28
2016-03-30 9:00,80.09
2016-03-30 10:00,83.44
2016-03-30 11:00,91.46
2016-03-30 12:00,95.55
2016-03-30 13:00,110.71
2016-03-30 14:00,119.52
2016-03-30 15:00,119.39
2016-03-30 16:00,104.68
2016-03-30 17:00,101.51
2016-03-30 18:00,98.39
2016-03-30 19:00,87.67
2016-03-30 20:00,83.66
2016-03-30 21:00,83.51
2016-03-30 22:00,82.95
2016-03-30 23:00,65.29
2016-03-31 0:00,37.16
2016-03-31 1:00,34.59
2016-03-31 2:00,31.91
2016-03-31 3:00,31.7
2016-03-31 4:00,32.1
2016-03-31 5:00,45.28
2016-03-31 6:00,59.33
2016-03-31 7:00,58.72
2016-03-31 8:00,75.36
2016-03-31 9:00,83.18
2016-03-31 10:00,83.59
2016-03-31 11:00,98.42
2016-03-31 12:00,110.3
2016-03-31 13:00,122.06
2016-03-31 14:00,127.39
2016-03-31 15:00,121.79
2016-03-31 16:00,120.75
2016-03-31 17:00,115.66
2016-03-31 18:00,106.71
2016-03-31 19:00,96.71
2016-03-31 20:00,93.06
2016-03-31 21:00,82.62
2016-03-31 22:00,78.13
2016-03-31 23:00,61.81
2016-04-01 0:00,31.57
2016-04-01 1:00,28.85
2016-04-01 2:00,28.22
2016-04-01 3:00,28.07
2016-04-01 4:00,28.01
2016-04-01 5:00,42.5
2016-04-01 6:00,61
2016-04-01 7:00,60.21
2016-04-01 8:00,73.4
2016-04-01 9:00,80.19
2016-04-01 10:00,101.16
2016-04-01 11:00,103.54
2016-04-01 12:00,119.92
2016-04-01 13:00,120.05
2016-04-01 14:00,118.37
2016-04-01 15:00,122
2016-04-01 16:00,124.65
2016-04-01 17:00,115.09
2016-04-01 18:00,107.98
2016-04-01 19:00,97.88
2016-04-01 20:00,74.31
2016-04-01 21:00,79.81
2016-04-01 22:00,69.68
2016-04-01 23:00,64.08
2016-04-02 0:00,39.22
2016-04-02 1:00,33.08
2016-04-02 2:00,30.94
2016-04-02 3:00,29.29
2016-04-02 4:00,29.01
2016-04-02 5:00,43.29
2016-04-02 6:00,58.09
2016-04-02 7:00,53.9
2016-04-02 8:00,57
2016-04-02 9:00,69.02
2016-04-02 10:00,82.5
2016-04-02 11:00,88.11
2016-04-02 12:00,99.3
2016-04-02 13:00,93.18
2016-04-02 14:00,105.21
2016-04-02 15:00,101.16
2016-04-02 16:00,102.86
2016-04-02 17:00,107.77
2016-04-02 18:00,104.38
2016-04-02 19:00,95.01
2016-04-02 20:00,95.63
2016-04-02 21:00,91.11
2016-04-02 22:00,82.85
2016-04-02 23:00,74.53
2016-04-03 0:00,39.63
2016-04-03 1:00,38.59
2016-04-03 2:00,38.63
2016-04-03 3:00,37.85
2016-04-03 4:00,37.71
2016-04-03 5:00,42.62
2016-04-03 6:00,58.35
2016-04-03 7:00,56.64
2016-04-03 8:00,66.93
2016-04-03 9:00,73.62
2016-04-03 10:00,82.83
2016-04-03 11:00,78.28
2016-04-03 12:00,85.27
2016-04-03 13:00,95.46
2016-04-03 14:00,108.44
2016-04-03 15:00,106.2
2016-04-03 16:00,109.3
2016-04-03 17:00,114.48
2016-04-03 18:00,113.57
2016-04-03 19:00,107.57
2016-04-03 20:00,105.94
2016-04-03 21:00,100.15
2016-04-03 22:00,88.01
2016-04-03 23:00,78.3
2016-04-04 0:00,40.61
2016-04-04 1:00,39.71
2016-04-04 2:00,38
2016-04-04 3:00,38.07
2016-04-04 4:00,33.89
2016-04-04 5:00,44.01
2016-04-04 6:00,60.95
2016-04-04 7:00,58.96
2016-04-04 8:00,90.06
2016-04-04 9:00,101.76
2016-04-04 10:00,108.29
2016-04-04 11:00,111.84
2016-04-04 12:00,124.36
2016-04-04 13:00,133.42
2016-04-04 14:00,130.94
2016-04-04 15:00,134.25
2016-04-04 16:00,135.35
2016-04-04 17:00,133.59
2016-04-04 18:00,123.32
2016-04-04 19:00,118.61
2016-04-04 20:00,117.36
2016-04-04 21:00,115.93
2016-04-04 22:00,112.52
2016-04-04 23:00,84.6
2016-04-05 0:00,47.14
2016-04-05 1:00,49.3
2016-04-05 2:00,45.29
2016-04-05 3:00,42.26
2016-04-05 4:00,40.9
2016-04-05 5:00,62.45
2016-04-05 6:00,62.75
2016-04-05 7:00,56.26
2016-04-05 8:00,84.95
2016-04-05 9:00,114.13
2016-04-05 10:00,113.85
2016-04-05 11:00,135.86
2016-04-05 12:00,141.97
2016-04-05 13:00,149.01
2016-04-05 14:00,144.17
2016-04-05 15:00,148.55
2016-04-05 16:00,149.89
2016-04-05 17:00,139.04
2016-04-05 18:00,129.06
2016-04-05 19:00,133.07
2016-04-05 20:00,121.7
2016-04-05 21:00,113.01
2016-04-05 22:00,114.45
2016-04-05 23:00,88.16
2016-04-06 0:00,41.91
2016-04-06 1:00,43.61
2016-04-06 2:00,42.64
2016-04-06 3:00,41.21
2016-04-06 4:00,38.12
2016-04-06 5:00,48.43
2016-04-06 6:00,58.94
2016-04-06 7:00,60.24
2016-04-06 8:00,108.53
2016-04-06 9:00,116.36
2016-04-06 10:00,119.67
2016-04-06 11:00,114.39
2016-04-06 12:00,115.91
2016-04-06 13:00,118.73
2016-04-06 14:00,142.99
2016-04-06 15:00,141.89
2016-04-06 16:00,139.44
2016-04-06 17:00,144.11
2016-04-06 18:00,127.6
2016-04-06 19:00,116.22
2016-04-06 20:00,122.46
2016-04-06 21:00,114.36
2016-04-06 22:00,112.69
2016-04-06 23:00,94
2016-04-07 0:00,50.17
2016-04-07 1:00,48.85
2016-04-07 2:00,45.2
2016-04-07 3:00,41.73
2016-04-07 4:00,39.87
2016-04-07 5:00,78.11
2016-04-07 6:00,89.54
2016-04-07 7:00,85.5
2016-04-07 8:00,109.75
2016-04-07 9:00,100.36
2016-04-07 10:00,111.14
2016-04-07 11:00,104.65
2016-04-07 12:00,121.05
2016-04-07 13:00,128.27
2016-04-07 14:00,138.99
2016-04-07 15:00,144.95
2016-04-07 16:00,133.13
2016-04-07 17:00,130.86
2016-04-07 18:00,132.9
2016-04-07 19:00,122.11
2016-04-07 20:00,128.06
2016-04-07 21:00,117.35
2016-04-07 22:00,118.6
2016-04-07 23:00,86.42
2016-04-08 0:00,41.57
2016-04-08 1:00,39.06
2016-04-08 2:00,40.2
2016-04-08 3:00,39.1
2016-04-08 4:00,36.65
2016-04-08 5:00,43.72
2016-04-08 6:00,59.73
2016-04-08 7:00,71.94
2016-04-08 8:00,106.39
2016-04-08 9:00,116.61
2016-04-08 10:00,123.92
2016-04-08 11:00,122.33
2016-04-08 12:00,130.36
2016-04-08 13:00,135.07
2016-04-08 14:00,135.18
2016-04-08 15:00,131.59
2016-04-08 16:00,137.37
2016-04-08 17:00,129.74
2016-04-08 18:00,117.29
2016-04-08 19:00,106.25
2016-04-08 20:00,104.67
2016-04-08 21:00,94.64
2016-04-08 22:00,97.44
2016-04-08 23:00,75.5
2016-04-09 0:00,40.21
2016-04-09 1:00,40.39
2016-04-09 2:00,38.56
2016-04-09 3:00,35.87
2016-04-09 4:00,35.62
2016-04-09 5:00,60.25
2016-04-09 6:00,75.2
2016-04-09 7:00,63.38
2016-04-09 8:00,65.69
2016-04-09 9:00,84.18
2016-04-09 10:00,60.73
2016-04-09 11:00,81.46
2016-04-09 12:00,75.25
2016-04-09 13:00,87.69
2016-04-09 14:00,80.57
2016-04-09 15:00,93.66
2016-04-09 16:00,83.52
2016-04-09 17:00,90.29
2016-04-09 18:00,87.5
2016-04-09 19:00,85.98
2016-04-09 20:00,75.79
2016-04-09 21:00,80.29
2016-04-09 22:00,68.61
2016-04-09 23:00,70.63
2016-04-10 0:00,38.85
2016-04-10 1:00,37.23
2016-04-10 2:00,37.68
2016-04-10 3:00,37.11
2016-04-10 4:00,36.78
2016-04-10 5:00,57.74
2016-04-10 6:00,70.46
2016-04-10 7:00,54.4
2016-04-10 8:00,57.92
2016-04-10 9:00,58.3
2016-04-10 10:00,64.35
2016-04-10 11:00,54.98
2016-04-10 12:00,52.6
2016-04-10 13:00,68.95
2016-04-10 14:00,59.75
2016-04-10 15:00,69.68
2016-04-10 16:00,71.28
2016-04-10 17:00,64.88
2016-04-10 18:00,71.25
2016-04-10 19:00,73.3
2016-04-10 20:00,66.2
2016-04-10 21:00,51
2016-04-10 22:00,46.13
2016-04-10 23:00,42.34
2016-04-11 0:00,29.44
2016-04-11 1:00,27.81
2016-04-11 2:00,27.73
2016-04-11 3:00,27.39
2016-04-11 4:00,27.35
2016-04-11 5:00,37.95
2016-04-11 6:00,44.28
2016-04-11 7:00,42.73
2016-04-11 8:00,58.39
2016-04-11 9:00,75.02
2016-04-11 10:00,90.62
2016-04-11 11:00,93.01
2016-04-11 12:00,103.09
2016-04-11 13:00,105.78
2016-04-11 14:00,111.35
2016-04-11 15:00,103.15
2016-04-11 16:00,113.67
2016-04-11 17:00,103.55
2016-04-11 18:00,102.26
2016-04-11 19:00,99.93
2016-04-11 20:00,84.3
2016-04-11 21:00,85.16
2016-04-11 22:00,81.2
2016-04-11 23:00,62.14
2016-04-12 0:00,47.36
2016-04-12 1:00,45.45
2016-04-12 2:00,42.96
2016-04-12 3:00,38.33
2016-04-12 4:00,32.03
2016-04-12 5:00,41.95
2016-04-12 6:00,46.04
2016-04-12 7:00,43.11
2016-04-12 8:00,69.69
2016-04-12 9:00,97.81
2016-04-12 10:00,97.93
2016-04-12 11:00,111.56
2016-04-12 12:00,109.64
2016-04-12 13:00,124.24
2016-04-12 14:00,118.05
2016-04-12 15:00,117.33
2016-04-12 16:00,126.84
2016-04-12 17:00,128.93
2016-04-12 18:00,120.98
2016-04-12 19:00,129.68
2016-04-12 20:00,114.33
2016-04-12 21:00,97.93
2016-04-12 22:00,95.54
2016-04-12 23:00,73.09
2016-04-13 0:00,42.18
2016-04-13 1:00,38.93
2016-04-13 2:00,40.56
2016-04-13 3:00,38.51
2016-04-13 4:00,36.52
2016-04-13 5:00,38.87
2016-04-13 6:00,51.97
2016-04-13 7:00,47.95
2016-04-13 8:00,84.28
2016-04-13 9:00,95.08
2016-04-13 10:00,93.81
2016-04-13 11:00,108.75
2016-04-13 12:00,101.3
2016-04-13 13:00,117.82
2016-04-13 14:00,109.24
2016-04-13 15:00,117.23
2016-04-13 16:00,117.51
2016-04-13 17:00,116.76
2016-04-13 18:00,118.02
2016-04-13 19:00,114.24
2016-04-13 20:00,103.42
2016-04-13 21:00,110.81
2016-04-13 22:00,93.44
2016-04-13 23:00,83.75
2016-04-14 0:00,47.36
2016-04-14 1:00,46.99
2016-04-14 2:00,43.03
2016-04-14 3:00,40.36
2016-04-14 4:00,39.44
2016-04-14 5:00,59.68
2016-04-14 6:00,74.1
2016-04-14 7:00,60.91
2016-04-14 8:00,86.18
2016-04-14 9:00,98.96
2016-04-14 10:00,96.46
2016-04-14 11:00,110.6
2016-04-14 12:00,109.03
2016-04-14 13:00,125.67
2016-04-14 14:00,117.71
2016-04-14 15:00,145.02
2016-04-14 16:00,137.61
2016-04-14 17:00,143.51
2016-04-14 18:00,127.29
2016-04-14 19:00,121.84
2016-04-14 20:00,112.19
2016-04-14 21:00,95.5
2016-04-14 22:00,95.6
2016-04-14 23:00,79.96
2016-04-15 0:00,42.75
2016-04-15 1:00,41.75
2016-04-15 2:00,39.5
2016-04-15 3:00,36.48
2016-04-15 4:00,36.48
2016-04-15 5:00,41.03
2016-04-15 6:00,54.37
2016-04-15 7:00,56.11
2016-04-15 8:00,87.42
2016-04-15 9:00,116.3
2016-04-15 10:00,114.95
2016-04-15 11:00,110.59
2016-04-15 12:00,107.49
2016-04-15 13:00,99.79
2016-04-15 14:00,113.74
2016-04-15 15:00,101.42
2016-04-15 16:00,112.74
2016-04-15 17:00,98.15
2016-04-15 18:00,97.54
2016-04-15 19:00,82.91
2016-04-15 20:00,74.53
2016-04-15 21:00,68.84
2016-04-15 22:00,47.78
2016-04-15 23:00,43.36
2016-04-16 0:00,28.41
2016-04-16 1:00,31.22
2016-04-16 2:00,29.41
2016-04-16 3:00,26.88
2016-04-16 4:00,25.68
2016-04-16 5:00,36.67
2016-04-16 6:00,40.47
2016-04-16 7:00,35.11
2016-04-16 8:00,35.17
2016-04-16 9:00,34.83
2016-04-16 10:00,63.29
2016-04-16 11:00,79.82
2016-04-16 12:00,74.59
2016-04-16 13:00,89.77
2016-04-16 14:00,81.72
2016-04-16 15:00,86.08
2016-04-16 16:00,84.91
2016-04-16 17:00,79.71
2016-04-16 18:00,88.89
2016-04-16 19:00,72.07
2016-04-16 20:00,77.12
2016-04-16 21:00,70.08
2016-04-16 22:00,64.15
2016-04-16 23:00,60.03
2016-04-17 0:00,31.83
2016-04-17 1:00,26.06
2016-04-17 2:00,26.07
2016-04-17 3:00,25.44
2016-04-17 4:00,25.6
2016-04-17 5:00,36.24
2016-04-17 6:00,40.51
2016-04-17 7:00,34.22
2016-04-17 8:00,52.76
2016-04-17 9:00,59.79
2016-04-17 10:00,56.23
2016-04-17 11:00,64.05
2016-04-17 12:00,66.01
2016-04-17 13:00,71.94
2016-04-17 14:00,88.75
2016-04-17 15:00,82.41
2016-04-17 16:00,88.93
2016-04-17 17:00,90.85
2016-04-17 18:00,84.06
2016-04-17 19:00,96.88
2016-04-17 20:00,82
2016-04-17 21:00,79.42
2016-04-17 22:00,75.73
2016-04-17 23:00,62.53
2016-04-18 0:00,38.44
2016-04-18 1:00,36.96
2016-04-18 2:00,31.66
2016-04-18 3:00,25.62
2016-04-18 4:00,25.54
2016-04-18 5:00,36.69
2016-04-18 6:00,43.31
2016-04-18 7:00,41.74
2016-04-18 8:00,67.47
2016-04-18 9:00,98.38
2016-04-18 10:00,94.2
2016-04-18 11:00,103.15
2016-04-18 12:00,106.72
2016-04-18 13:00,111.36
2016-04-18 14:00,116.79
2016-04-18 15:00,116
2016-04-18 16:00,111.25
2016-04-18 17:00,121.16
2016-04-18 18:00,110.3
2016-04-18 19:00,114.16
2016-04-18 20:00,99.94
2016-04-18 21:00,103.19
2016-04-18 22:00,87.75
2016-04-18 23:00,73.83
2016-04-19 0:00,47.54
2016-04-19 1:00,45.2
2016-04-19 2:00,34.13
2016-04-19 3:00,30.98
2016-04-19 4:00,29.98
2016-04-19 5:00,42.15
2016-04-19 6:00,48.81
2016-04-19 7:00,42.31
2016-04-19 8:00,71.79
2016-04-19 9:00,103.87
2016-04-19 10:00,100.92
2016-04-19 11:00,110.31
2016-04-19 12:00,115.41
2016-04-19 13:00,127.42
2016-04-19 14:00,122.48
2016-04-19 15:00,134.25
2016-04-19 16:00,138.07
2016-04-19 17:00,137.58
2016-04-19 18:00,135.78
2016-04-19 19:00,130.36
2016-04-19 20:00,120.96
2016-04-19 21:00,115.71
2016-04-19 22:00,96.42
2016-04-19 23:00,73.81
2016-04-20 0:00,40.13
2016-04-20 1:00,38.98
2016-04-20 2:00,33.94
2016-04-20 3:00,27.49
2016-04-20 4:00,25.52
2016-04-20 5:00,39.11
2016-04-20 6:00,53.92
2016-04-20 7:00,54.91
2016-04-20 8:00,90.8
2016-04-20 9:00,116.95
2016-04-20 10:00,99.96
2016-04-20 11:00,113.51
2016-04-20 12:00,114.4
2016-04-20 13:00,116.8
2016-04-20 14:00,132.92
2016-04-20 15:00,137.4
2016-04-20 16:00,142.48
2016-04-20 17:00,145.16
2016-04-20 18:00,132.85
2016-04-20 19:00,126.46
2016-04-20 20:00,130.97
2016-04-20 21:00,122.09
2016-04-20 22:00,108.13
2016-04-20 23:00,79.17
2016-04-21 0:00,47.1
2016-04-21 1:00,47.93
2016-04-21 2:00,45.58
2016-04-21 3:00,38.18
2016-04-21 4:00,30.42
2016-04-21 5:00,43.48
2016-04-21 6:00,53.35
2016-04-21 7:00,54.79
2016-04-21 8:00,112.4
2016-04-21 9:00,118.33
2016-04-21 10:00,118.87
2016-04-21 11:00,112.14
2016-04-21 12:00,123.72
2016-04-21 13:00,125.11
2016-04-21 14:00,136.32
2016-04-21 15:00,150.82
2016-04-21 16:00,142.9
2016-04-21 17:00,143.82
2016-04-21 18:00,137.99
2016-04-21 19:00,130.1
2016-04-21 20:00,128.12
2016-04-21 21:00,125.48
2016-04-21 22:00,110.9
2016-04-21 23:00,83.27
2016-04-22 0:00,40.69
2016-04-22 1:00,39.65
2016-04-22 2:00,40.12
2016-04-22 3:00,38.39
2016-04-22 4:00,36.8
2016-04-22 5:00,41.53
2016-04-22 6:00,54.12
2016-04-22 7:00,69.71
2016-04-22 8:00,115.17
2016-04-22 9:00,112.58
2016-04-22 10:00,121.87
2016-04-22 11:00,116.88
2016-04-22 12:00,122.72
2016-04-22 13:00,122.57
2016-04-22 14:00,124.49
2016-04-22 15:00,144.39
2016-04-22 16:00,143.78
2016-04-22 17:00,127.16
2016-04-22 18:00,129.77
2016-04-22 19:00,112.63
2016-04-22 20:00,100
2016-04-22 21:00,100.29
2016-04-22 22:00,82.98
2016-04-22 23:00,77.91
2016-04-23 0:00,38.95
2016-04-23 1:00,41.73
2016-04-23 2:00,40.05
2016-04-23 3:00,38.02
2016-04-23 4:00,35.66
2016-04-23 5:00,75.58
2016-04-23 6:00,76.91
2016-04-23 7:00,72.52
2016-04-23 8:00,85.64
2016-04-23 9:00,81.96
2016-04-23 10:00,74.69
2016-04-23 11:00,82.73
2016-04-23 12:00,84.76
2016-04-23 13:00,90.3
2016-04-23 14:00,92.06
2016-04-23 15:00,116.72
2016-04-23 16:00,110.98
2016-04-23 17:00,111.28
2016-04-23 18:00,115.25
2016-04-23 19:00,99.63
2016-04-23 20:00,102.28
2016-04-23 21:00,76.15
2016-04-23 22:00,77.9
2016-04-23 23:00,61.22
2016-04-24 0:00,37.49
2016-04-24 1:00,36.15
2016-04-24 2:00,36.44
2016-04-24 3:00,26.06
2016-04-24 4:00,26.11
2016-04-24 5:00,39.05
2016-04-24 6:00,49.36
2016-04-24 7:00,46.8
2016-04-24 8:00,62.52
2016-04-24 9:00,70.39
2016-04-24 10:00,58.66
2016-04-24 11:00,72.72
2016-04-24 12:00,64.95
2016-04-24 13:00,87.38
2016-04-24 14:00,83.22
2016-04-24 15:00,99.18
2016-04-24 16:00,93.85
2016-04-24 17:00,97.94
2016-04-24 18:00,96.77
2016-04-24 19:00,96.84
2016-04-24 20:00,99.21
2016-04-24 21:00,83.45
2016-04-24 22:00,84.96
2016-04-24 23:00,67.07
2016-04-25 0:00,40.33
2016-04-25 1:00,38.03
2016-04-25 2:00,37.29
2016-04-25 3:00,28.69
2016-04-25 4:00,37.15
2016-04-25 5:00,51.39
2016-04-25 6:00,55.06
2016-04-25 7:00,86.79
2016-04-25 8:00,105.82
2016-04-25 9:00,117.28
2016-04-25 10:00,118.34
2016-04-25 11:00,118.57
2016-04-25 12:00,117.04
2016-04-25 13:00,109.3
2016-04-25 14:00,113.52
2016-04-25 15:00,125.61
2016-04-25 16:00,127.08
2016-04-25 17:00,130.56
2016-04-25 18:00,125.12
2016-04-25 19:00,110.36
2016-04-25 20:00,93.85
2016-04-25 21:00,80.8
2016-04-25 22:00,61.22
2016-04-25 23:00,58.87
2016-04-26 0:00,48.74
2016-04-26 1:00,38.48
2016-04-26 2:00,33.17
2016-04-26 3:00,32.19
2016-04-26 4:00,31.18
2016-04-26 5:00,44.44
2016-04-26 6:00,54.43
2016-04-26 7:00,54.8
2016-04-26 8:00,67.83
2016-04-26 9:00,66.51
2016-04-26 10:00,72.17
2016-04-26 11:00,108.39
2016-04-26 12:00,116.14
2016-04-26 13:00,124.56
2016-04-26 14:00,122.6
2016-04-26 15:00,124.01
2016-04-26 16:00,126.5
2016-04-26 17:00,126.88
2016-04-26 18:00,110.88
2016-04-26 19:00,104.3
2016-04-26 20:00,97.13
2016-04-26 21:00,69.23
2016-04-26 22:00,66.78
2016-04-26 23:00,62.73
2016-04-27 0:00,41.59
2016-04-27 1:00,32.2
2016-04-27 2:00,27.63
2016-04-27 3:00,27.15
2016-04-27 4:00,26.66
2016-04-27 5:00,40.01
2016-04-27 6:00,53.01
2016-04-27 7:00,48.39
2016-04-27 8:00,60.77
2016-04-27 9:00,94.92
2016-04-27 10:00,100.74
2016-04-27 11:00,104.53
2016-04-27 12:00,105.64
2016-04-27 13:00,117.91
2016-04-27 14:00,116.69
2016-04-27 15:00,127.6
2016-04-27 16:00,133.67
2016-04-27 17:00,129.03
2016-04-27 18:00,123.78
2016-04-27 19:00,118.78
2016-04-27 20:00,104.12
2016-04-27 21:00,111.86
2016-04-27 22:00,98.53
2016-04-27 23:00,92.43
2016-04-28 0:00,58.99
2016-04-28 1:00,51.19
2016-04-28 2:00,40.68
2016-04-28 3:00,32.19
2016-04-28 4:00,30.32
2016-04-28 5:00,43.78
2016-04-28 6:00,54.59
2016-04-28 7:00,55.11
2016-04-28 8:00,69.58
2016-04-28 9:00,76.11
2016-04-28 10:00,126.99
2016-04-28 11:00,121.25
2016-04-28 12:00,139.49
2016-04-28 13:00,133.73
2016-04-28 14:00,136.68
2016-04-28 15:00,144.67
2016-04-28 16:00,135.53
2016-04-28 17:00,130.85
2016-04-28 18:00,117.58
2016-04-28 19:00,98.38
2016-04-28 20:00,79.53
2016-04-28 21:00,65.67
2016-04-28 22:00,65.04
2016-04-28 23:00,63.13
2016-04-29 0:00,44.11
2016-04-29 1:00,31.74
2016-04-29 2:00,29.71
2016-04-29 3:00,27.53
2016-04-29 4:00,25.92
2016-04-29 5:00,40.21
2016-04-29 6:00,53.41
2016-04-29 7:00,57.43
2016-04-29 8:00,73.19
2016-04-29 9:00,82.7
2016-04-29 10:00,127.86
2016-04-29 11:00,120.95
2016-04-29 12:00,131.85
2016-04-29 13:00,127.53
2016-04-29 14:00,123.88
2016-04-29 15:00,109.19
2016-04-29 16:00,103.93
2016-04-29 17:00,104.89
2016-04-29 18:00,87.73
2016-04-29 19:00,106.63
2016-04-29 20:00,99.35
2016-04-29 21:00,102.59
2016-04-29 22:00,77.9
2016-04-29 23:00,74.82
2016-04-30 0:00,37.75
2016-04-30 1:00,34.98
2016-04-30 2:00,26.49
2016-04-30 3:00,26.1
2016-04-30 4:00,26.01
2016-04-30 5:00,39.43
2016-04-30 6:00,49.64
2016-04-30 7:00,49.63
2016-04-30 8:00,57.95
2016-04-30 9:00,91.99
2016-04-30 10:00,79.86
2016-04-30 11:00,94.71
2016-04-30 12:00,95.61
2016-04-30 13:00,88.58
2016-04-30 14:00,85.78
2016-04-30 15:00,89.58
2016-04-30 16:00,92.63
2016-04-30 17:00,98.24
2016-04-30 18:00,93.17
2016-04-30 19:00,67.35
2016-04-30 20:00,55.46
2016-04-30 21:00,57.54
2016-04-30 22:00,57.21
2016-04-30 23:00,51.41
2016-05-01 0:00,27.89
2016-05-01 1:00,26.21
2016-05-01 2:00,25.89
2016-05-01 3:00,26.04
2016-05-01 4:00,25.93
2016-05-01 5:00,39.48
2016-05-01 6:00,50.05
2016-05-01 7:00,47.98
2016-05-01 8:00,48.36
2016-05-01 9:00,79.15
2016-05-01 10:00,83.85
2016-05-01 11:00,78.36
2016-05-01 12:00,90.31
2016-05-01 13:00,85.64
2016-05-01 14:00,93.7
2016-05-01 15:00,87.38
2016-05-01 16:00,96.67
2016-05-01 17:00,88.92
2016-05-01 18:00,100.52
2016-05-01 19:00,94
2016-05-01 20:00,99.56
2016-05-01 21:00,93.47
2016-05-01 22:00,96.39
2016-05-01 23:00,83.87
2016-05-02 0:00,48.9
2016-05-02 1:00,32.42
2016-05-02 2:00,21.21
2016-05-02 3:00,21.78
2016-05-02 4:00,21.1
2016-05-02 5:00,41.02
2016-05-02 6:00,53.78
2016-05-02 7:00,55.77
2016-05-02 8:00,100.4
2016-05-02 9:00,115.71
2016-05-02 10:00,99.03
2016-05-02 11:00,109.78
2016-05-02 12:00,108.93
2016-05-02 13:00,117.32
2016-05-02 14:00,119.9
2016-05-02 15:00,130.32
2016-05-02 16:00,149.15
2016-05-02 17:00,131.45
2016-05-02 18:00,125.29
2016-05-02 19:00,124.6
2016-05-02 20:00,112.29
2016-05-02 21:00,115.94
2016-05-02 22:00,90.9
2016-05-02 23:00,93.53
2016-05-03 0:00,58.26
2016-05-03 1:00,52.89
2016-05-03 2:00,47.42
2016-05-03 3:00,42.75
2016-05-03 4:00,41.07
2016-05-03 5:00,44.73
2016-05-03 6:00,53.25
2016-05-03 7:00,61.75
2016-05-03 8:00,118.38
2016-05-03 9:00,114.71
2016-05-03 10:00,121.25
2016-05-03 11:00,127.09
2016-05-03 12:00,134.47
2016-05-03 13:00,124.67
2016-05-03 14:00,137.9
2016-05-03 15:00,144.04
2016-05-03 16:00,150.63
2016-05-03 17:00,148.63
2016-05-03 18:00,132.7
2016-05-03 19:00,133.22
2016-05-03 20:00,131.46
2016-05-03 21:00,120.33
2016-05-03 22:00,112.08
2016-05-03 23:00,84.74
2016-05-04 0:00,53.71
2016-05-04 1:00,45.3
2016-05-04 2:00,41.27
2016-05-04 3:00,40.73
2016-05-04 4:00,38.46
2016-05-04 5:00,68.8
2016-05-04 6:00,75.38
2016-05-04 7:00,86.77
2016-05-04 8:00,110.17
2016-05-04 9:00,114.89
2016-05-04 10:00,115.8
2016-05-04 11:00,111.34
2016-05-04 12:00,126.18
2016-05-04 13:00,128.47
2016-05-04 14:00,148.88
2016-05-04 15:00,154.66
2016-05-04 16:00,150.14
2016-05-04 17:00,150.09
2016-05-04 18:00,133.78
2016-05-04 19:00,138.26
2016-05-04 20:00,135.39
2016-05-04 21:00,121.31
2016-05-04 22:00,127.36
2016-05-04 23:00,104.4
2016-05-05 0:00,61.6
2016-05-05 1:00,50.62
2016-05-05 2:00,46.9
2016-05-05 3:00,44.17
2016-05-05 4:00,42.35
2016-05-05 5:00,83.51
2016-05-05 6:00,87.01
2016-05-05 7:00,91.21
2016-05-05 8:00,111.28
2016-05-05 9:00,112.51
2016-05-05 10:00,118.72
2016-05-05 11:00,112.55
2016-05-05 12:00,113.19
2016-05-05 13:00,132.8
2016-05-05 14:00,135.22
2016-05-05 15:00,141.72
2016-05-05 16:00,144.12
2016-05-05 17:00,131.58
2016-05-05 18:00,129.43
2016-05-05 19:00,132.9
2016-05-05 20:00,124.45
2016-05-05 21:00,118.6
2016-05-05 22:00,122.12
2016-05-05 23:00,93.84
2016-05-06 0:00,43.01
2016-05-06 1:00,39.77
2016-05-06 2:00,41.86
2016-05-06 3:00,38.3
2016-05-06 4:00,36.7
2016-05-06 5:00,43.42
2016-05-06 6:00,55.82
2016-05-06 7:00,57.36
2016-05-06 8:00,117.41
2016-05-06 9:00,115.29
2016-05-06 10:00,123.55
2016-05-06 11:00,111.24
2016-05-06 12:00,127.97
2016-05-06 13:00,119.37
2016-05-06 14:00,130.95
2016-05-06 15:00,126.97
2016-05-06 16:00,116.99
2016-05-06 17:00,108.12
2016-05-06 18:00,95.08
2016-05-06 19:00,89.28
2016-05-06 20:00,80.03
2016-05-06 21:00,51.25
2016-05-06 22:00,56.48
2016-05-06 23:00,55.06
2016-05-07 0:00,28.16
2016-05-07 1:00,27.16
2016-05-07 2:00,29.53
2016-05-07 3:00,27.65
2016-05-07 4:00,25.82
2016-05-07 5:00,40.34
2016-05-07 6:00,48.06
2016-05-07 7:00,47.46
2016-05-07 8:00,47.15
2016-05-07 9:00,52.15
2016-05-07 10:00,68.35
2016-05-07 11:00,105.64
2016-05-07 12:00,96.88
2016-05-07 13:00,102.53
2016-05-07 14:00,99.55
2016-05-07 15:00,97.12
2016-05-07 16:00,82.93
2016-05-07 17:00,85.24
2016-05-07 18:00,82.35
2016-05-07 19:00,79.63
2016-05-07 20:00,71.98
2016-05-07 21:00,76.47
2016-05-07 22:00,70.16
2016-05-07 23:00,66.91
2016-05-08 0:00,39.65
2016-05-08 1:00,37.38
2016-05-08 2:00,34.94
2016-05-08 3:00,27.61
2016-05-08 4:00,27.42
2016-05-08 5:00,40.95
2016-05-08 6:00,50.74
2016-05-08 7:00,49.17
2016-05-08 8:00,50.04
2016-05-08 9:00,51.35
2016-05-08 10:00,85.51
2016-05-08 11:00,88.64
2016-05-08 12:00,79.47
2016-05-08 13:00,89.44
2016-05-08 14:00,88.92
2016-05-08 15:00,75.03
2016-05-08 16:00,73.81
2016-05-08 17:00,68.28
2016-05-08 18:00,70.45
2016-05-08 19:00,69.89
2016-05-08 20:00,76.67
2016-05-08 21:00,66.04
2016-05-08 22:00,77.76
2016-05-08 23:00,58.93
2016-05-09 0:00,61.33
2016-05-09 1:00,25.76
2016-05-09 2:00,23.46
2016-05-09 3:00,20.68
2016-05-09 4:00,20.49
2016-05-09 5:00,41.21
2016-05-09 6:00,39.63
2016-05-09 7:00,42.05
2016-05-09 8:00,51.55
2016-05-09 9:00,99.54
2016-05-09 10:00,91.69
2016-05-09 11:00,96.95
2016-05-09 12:00,100.11
2016-05-09 13:00,102.18
2016-05-09 14:00,101.76
2016-05-09 15:00,106.27
2016-05-09 16:00,91.87
2016-05-09 17:00,71.73
2016-05-09 18:00,72.07
2016-05-09 19:00,82.3
2016-05-09 20:00,85.04
2016-05-09 21:00,81.7
2016-05-09 22:00,82.53
2016-05-09 23:00,75.4
2016-05-10 0:00,54.75
2016-05-10 1:00,46.18
2016-05-10 2:00,44.03
2016-05-10 3:00,38.68
2016-05-10 4:00,35.08
2016-05-10 5:00,47.71
2016-05-10 6:00,53.81
2016-05-10 7:00,55.66
2016-05-10 8:00,104.64
2016-05-10 9:00,106.98
2016-05-10 10:00,110.56
2016-05-10 11:00,99.68
2016-05-10 12:00,106.03
2016-05-10 13:00,107.27
2016-05-10 14:00,110.22
2016-05-10 15:00,114.37
2016-05-10 16:00,128.94
2016-05-10 17:00,101.22
2016-05-10 18:00,97.15
2016-05-10 19:00,95.01
2016-05-10 20:00,77.88
2016-05-10 21:00,99.62
2016-05-10 22:00,77.96
2016-05-10 23:00,71.85
2016-05-11 0:00,38.51
2016-05-11 1:00,36.29
2016-05-11 2:00,36.68
2016-05-11 3:00,36.86
2016-05-11 4:00,35.83
2016-05-11 5:00,39.77
2016-05-11 6:00,50.8
2016-05-11 7:00,74.31
2016-05-11 8:00,106.21
2016-05-11 9:00,104.73
2016-05-11 10:00,118.76
2016-05-11 11:00,120.05
2016-05-11 12:00,111.83
2016-05-11 13:00,108
2016-05-11 14:00,114.94
2016-05-11 15:00,116.89
2016-05-11 16:00,121.5
2016-05-11 17:00,122.31
2016-05-11 18:00,112.12
2016-05-11 19:00,112.68
2016-05-11 20:00,101.55
2016-05-11 21:00,96.27
2016-05-11 22:00,84.64
2016-05-11 23:00,77.53
2016-05-12 0:00,45.71
2016-05-12 1:00,45.62
2016-05-12 2:00,42.34
2016-05-12 3:00,42.65
2016-05-12 4:00,42.15
2016-05-12 5:00,57.98
2016-05-12 6:00,53.11
2016-05-12 7:00,95.53
2016-05-12 8:00,98.39
2016-05-12 9:00,111.06
2016-05-12 10:00,120.19
2016-05-12 11:00,115.24
2016-05-12 12:00,112.2
2016-05-12 13:00,112.32
2016-05-12 14:00,125.24
2016-05-12 15:00,137.15
2016-05-12 16:00,131.69
2016-05-12 17:00,126.02
2016-05-12 18:00,108.34
2016-05-12 19:00,102.84
2016-05-12 20:00,115.04
2016-05-12 21:00,89.64
2016-05-12 22:00,83.88
2016-05-12 23:00,74.68
2016-05-13 0:00,39.41
2016-05-13 1:00,37.6
2016-05-13 2:00,37.47
2016-05-13 3:00,37.56
2016-05-13 4:00,37.8
2016-05-13 5:00,74.07
2016-05-13 6:00,88.23
2016-05-13 7:00,80.6
2016-05-13 8:00,95.62
2016-05-13 9:00,106.53
2016-05-13 10:00,107.69
2016-05-13 11:00,108.41
2016-05-13 12:00,105.6
2016-05-13 13:00,122.27
2016-05-13 14:00,138.15
2016-05-13 15:00,119.89
2016-05-13 16:00,122.13
2016-05-13 17:00,104.74
2016-05-13 18:00,95.7
2016-05-13 19:00,94.07
2016-05-13 20:00,103.64
2016-05-13 21:00,100.91
2016-05-13 22:00,92.3
2016-05-13 23:00,85.1
2016-05-14 0:00,27.83
2016-05-14 1:00,37.34
2016-05-14 2:00,37.33
2016-05-14 3:00,36.86
2016-05-14 4:00,36.09
2016-05-14 5:00,68.08
2016-05-14 6:00,81.99
2016-05-14 7:00,78.85
2016-05-14 8:00,73.58
2016-05-14 9:00,83.41
2016-05-14 10:00,88.91
2016-05-14 11:00,91.8
2016-05-14 12:00,97.21
2016-05-14 13:00,97.44
2016-05-14 14:00,100.41
2016-05-14 15:00,102.03
2016-05-14 16:00,101.53
2016-05-14 17:00,97.53
2016-05-14 18:00,93.91
